id,PostTitleWordsNumber,PostTitleCharsNumber,DiffNoWordsPostTitleAndKeywords,DiffNoCharsPostTitleAndKeywords,RatioNoWordsArticleDescriptionAndPostTitle,QuestionMarksNoPostTitle,RatioNoCharArticleParagraphPostTitle,RatioNoCharArticleDescriptionPostTitle,RatioNoCharArticleTitlePostTitle,RatioNoWordsArticleTitlePostTitle,RatioNoWordsPostImagePostTitle,DiffCharsPostTitlePostImage,RatioCharPostImagePostTitle,FormalWordsPostTitle,RatioNoCharArticleParagraphArticleDescription
1113022216017412096,11,75,11,75,2.727272727272727,0,1.3333333333333333,2.0533333333333332,0.68,0.9090909090909091,0.0,75,0.0,11,0.6493506493506493
1112512436018528256,10,81,10,81,-1.0,0,-1.0,-1.0,-1.0,-1.0,0.0,81,0.0,12,-1.0
1111366505105682432,13,92,13,92,2.076923076923077,0,0.14130434782608695,1.6521739130434783,0.6521739130434783,0.6923076923076923,0.0,92,0.0,13,0.08552631578947369
1113089453084553216,11,86,11,86,2.6363636363636362,0,0.4883720930232558,1.7906976744186047,0.8488372093023255,1.0909090909090908,0.0,86,0.0,8,0.2727272727272727
D3J0njPW4AEKz3Q,12,103,12,103,1.6666666666666667,1,0.23300970873786409,1.145631067961165,0.7669902912621359,1.25,0.18446601941747573,84,0.18446601941747573,16,0.2033898305084746
1113034573762433024,9,78,9,78,1.7777777777777777,0,0.24358974358974358,1.564102564102564,0.6923076923076923,0.8888888888888888,0.0,78,0.0,12,0.1557377049180328
1113140519461425154,15,109,15,109,1.6,0,0.926605504587156,1.1009174311926606,0.5321100917431193,0.8,0.0,109,0.0,16,0.8416666666666667
1113112102762352640,12,93,12,93,1.6666666666666667,0,0.3333333333333333,1.2365591397849462,0.6666666666666666,0.8333333333333334,0.0,93,0.0,12,0.26956521739130435
1112847383396802560,14,100,14,100,0.7857142857142857,0,0.13,0.68,0.74,0.9285714285714286,0.0,100,0.0,15,0.19117647058823528
1112758324976631808,19,122,19,122,1.2105263157894737,0,0.23770491803278687,1.1885245901639345,0.4672131147540984,0.5263157894736842,0.0,122,0.0,19,0.2
1113113316761763841,12,90,12,90,1.6666666666666667,0,0.6333333333333333,1.2777777777777777,0.5444444444444444,0.8333333333333334,0.0,90,0.0,11,0.4956521739130435
1112429377550057473,15,101,15,101,1.3333333333333333,1,0.4158415841584158,1.4851485148514851,0.5742574257425742,0.4666666666666667,0.0,101,0.0,14,0.28
D25927SXgAEaHS_,12,104,12,104,0.3333333333333333,0,0.2692307692307692,0.22115384615384615,0.5384615384615384,0.8333333333333334,0.0,104,0.0,15,1.2173913043478262
1110569361016832001,15,108,15,108,1.7333333333333334,1,1.712962962962963,1.3888888888888888,0.6018518518518519,0.7333333333333333,0.0,108,0.0,16,1.2333333333333334
1113116494349701121,14,93,14,93,1.2857142857142858,0,0.3333333333333333,1.1290322580645162,0.5376344086021505,0.6428571428571429,0.0,93,0.0,14,0.29523809523809524
D2MSsoxWsAA8Few,6,67,6,67,4.5,0,0.47761194029850745,2.283582089552239,0.4925373134328358,1.0,0.05970149253731343,63,0.05970149253731343,9,0.20915032679738563
1113117386729836546,3,40,3,40,3.6666666666666665,0,0.7,1.1,1.45,3.6666666666666665,0.0,40,0.0,4,0.6363636363636364
1113003164398223362,19,109,19,109,0.9473684210526315,0,0.03669724770642202,1.2110091743119267,0.13761467889908258,0.05263157894736842,0.0,109,0.0,19,0.030303030303030304
D2hoyP_UYAIYQur,17,125,17,125,1.5294117647058822,0,0.552,1.224,0.584,0.7647058823529411,0.0,125,0.0,21,0.45098039215686275
1110380790460768258,10,70,10,70,1.3,0,1.8285714285714285,1.0142857142857142,0.9857142857142858,1.4,0.0,70,0.0,12,1.8028169014084507
1112373790217068546,13,94,13,94,2.4615384615384617,1,0.6914893617021277,1.6702127659574468,0.574468085106383,0.7692307692307693,0.0,94,0.0,11,0.4140127388535032
1112069369583017984,9,98,9,98,2.7777777777777777,0,0.07142857142857142,1.5918367346938775,0.336734693877551,0.5555555555555556,0.0,98,0.0,8,0.04487179487179487
1112927417356705793,4,35,4,35,3.25,0,1.7714285714285714,2.6,1.0,1.75,0.0,35,0.0,6,0.6813186813186813
1113156263561576451,9,78,9,78,0.7777777777777778,0,0.3333333333333333,0.6410256410256411,0.4230769230769231,0.6666666666666666,0.0,78,0.0,12,0.52
1112567073895518209,17,119,17,119,1.2941176470588236,1,0.42857142857142855,1.2436974789915967,0.6050420168067226,0.7058823529411765,0.0,119,0.0,17,0.34459459459459457
D3FkebZXQAEnuyQ,17,128,17,128,1.1176470588235294,0,0.1328125,0.984375,0.4375,0.5882352941176471,0.0,128,0.0,20,0.1349206349206349
D3JNC7PWkAIfWWz,15,111,15,111,0.6666666666666666,0,0.11711711711711711,0.42342342342342343,0.4954954954954955,0.7333333333333333,0.0,111,0.0,19,0.2765957446808511
1111050904923529216,20,115,20,115,1.5,1,0.11304347826086956,1.3304347826086957,0.9826086956521739,1.15,0.0,115,0.0,21,0.08496732026143791
1112662422651838464,14,95,14,95,1.8571428571428572,0,0.3894736842105263,1.6526315789473685,0.7157894736842105,0.8571428571428571,0.0,95,0.0,14,0.2356687898089172
1112436930589978624,15,110,15,110,0.9333333333333333,1,0.4818181818181818,0.8272727272727273,0.7909090909090909,0.9333333333333333,0.0,110,0.0,16,0.5824175824175825
1111563369557999621,12,92,12,92,2.0,0,0.5,1.6195652173913044,0.7282608695652174,0.9166666666666666,0.0,92,0.0,14,0.3087248322147651
1112634396010524672,15,101,15,101,0.9333333333333333,0,0.7821782178217822,0.900990099009901,0.7821782178217822,0.7333333333333333,0.0,101,0.0,17,0.8681318681318682
1111741233355984897,13,95,13,95,1.1538461538461537,0,0.23157894736842105,1.3473684210526315,0.8,0.7692307692307693,0.0,95,0.0,14,0.171875
1111316560281567233,14,101,14,101,0.35714285714285715,0,0.5445544554455446,0.24752475247524752,0.1782178217821782,0.07142857142857142,0.0,101,0.0,15,2.2
1112084070379520002,1,23,1,23,27.0,0,1.8695652173913044,6.826086956521739,2.869565217391304,11.0,0.0,23,0.0,3,0.27388535031847133
D3C4bGCXQAI3KUt,14,127,14,127,1.7857142857142858,0,0.4094488188976378,1.1338582677165354,0.5354330708661418,0.7142857142857143,0.10236220472440945,114,0.10236220472440945,16,0.3611111111111111
D26WW6BWoAAk0Zr,16,126,16,126,1.75,0,0.1746031746031746,1.246031746031746,0.6428571428571429,0.9375,0.0,126,0.0,17,0.14012738853503184
1113035798767702017,10,82,10,82,2.4,0,0.4146341463414634,1.5121951219512195,0.7073170731707317,0.9,0.0,82,0.0,11,0.27419354838709675
1110947551371366400,20,109,20,109,1.25,0,0.5045871559633027,1.1926605504587156,0.5779816513761468,0.6,0.0,109,0.0,20,0.4230769230769231
1111243414509678592,22,140,22,140,1.1818181818181819,3,0.014285714285714285,1.1,0.5642857142857143,0.6363636363636364,0.0,140,0.0,21,0.012987012987012988
1112066722205483009,12,102,12,102,1.3333333333333333,0,0.28431372549019607,1.1666666666666667,0.6666666666666666,0.8333333333333334,0.0,102,0.0,13,0.24369747899159663
1109842212370685952,10,74,10,74,2.1,0,0.1891891891891892,1.7297297297297298,0.7027027027027027,1.0,0.0,74,0.0,11,0.109375
1110722634885578752,12,78,12,78,2.3333333333333335,0,0.0641025641025641,2.0128205128205128,0.46153846153846156,0.5833333333333334,0.0,78,0.0,13,0.03184713375796178
1112652864885788672,13,95,13,95,2.076923076923077,0,0.07368421052631578,1.6526315789473685,0.8736842105263158,1.1538461538461537,0.0,95,0.0,15,0.044585987261146494
D3JhCYVXQAA-tGS,14,139,14,139,0.9285714285714286,0,0.17985611510791366,0.5611510791366906,0.5899280575539568,0.8571428571428571,0.0,139,0.0,16,0.32051282051282054
1112117047755005952,16,127,16,127,1.8125,0,0.5669291338582677,1.2283464566929134,0.5039370078740157,0.75,0.0,127,0.0,15,0.46153846153846156
1111338414941581312,15,100,15,100,1.6,1,0.38,1.24,0.69,0.7333333333333333,0.0,100,0.0,17,0.3064516129032258
1112357446192898048,16,111,16,111,1.75,0,0.38738738738738737,1.3873873873873874,0.7927927927927928,0.875,0.0,111,0.0,16,0.2792207792207792
D3A6IE-XgAINqh5,10,86,10,86,1.5,0,0.3953488372093023,0.9418604651162791,0.43023255813953487,0.8,0.0,86,0.0,14,0.41975308641975306
D2dJqWNWwAABwvT,10,99,10,99,0.9,0,0.04040404040404041,0.6565656565656566,0.5050505050505051,0.8,0.050505050505050504,94,0.050505050505050504,13,0.06153846153846154
D2O_yk9UgAAQvs5,12,101,12,101,-1.0,0,-1.0,-1.0,0.26732673267326734,0.3333333333333333,0.0,101,0.0,14,-1.0
D2MCnj_X4AAXqnP,11,120,11,120,1.2727272727272727,1,0.5416666666666666,0.5583333333333333,0.6083333333333333,1.0,0.0,120,0.0,16,0.9701492537313433
1110934166701592576,11,92,11,92,2.1818181818181817,1,0.33695652173913043,1.7173913043478262,0.29347826086956524,0.5454545454545454,0.0,92,0.0,10,0.1962025316455696
1111249937633894400,17,118,17,118,1.4705882352941178,0,0.8559322033898306,1.3220338983050848,0.7203389830508474,0.8823529411764706,0.0,118,0.0,16,0.6474358974358975
1104049134741409792,15,133,15,133,-1.0,0,-1.0,-1.0,-1.0,-1.0,0.0,133,0.0,20,-1.0
1108824042721685504,4,57,4,57,3.25,0,-1.0,1.8771929824561404,1.1228070175438596,1.75,0.0,57,0.0,3,-1.0
1110021185176289280,9,69,9,69,2.0,0,0.2028985507246377,1.318840579710145,1.0289855072463767,1.4444444444444444,0.0,69,0.0,9,0.15384615384615385
1108328022099279872,12,102,12,102,2.0,0,1.0784313725490196,1.4411764705882353,0.5784313725490197,0.75,0.0,102,0.0,11,0.7482993197278912
D2xT-PoUYAEAdrK,16,135,16,135,1.6875,0,0.6592592592592592,1.1333333333333333,0.674074074074074,0.875,0.0,135,0.0,18,0.5816993464052288
1112059331778891776,3,37,3,37,4.333333333333333,0,0.8378378378378378,1.5405405405405406,1.3243243243243243,3.0,0.0,37,0.0,4,0.543859649122807
1108728866951122951,12,82,12,82,2.4166666666666665,0,0.2073170731707317,1.8780487804878048,0.32926829268292684,0.5,0.0,82,0.0,13,0.11038961038961038
1112629426112598017,10,82,10,82,1.9,0,0.34146341463414637,1.524390243902439,0.7317073170731707,1.0,0.0,82,0.0,11,0.224
D2blYZ1X4AAj2MX,10,101,10,101,2.3,0,0.06930693069306931,1.504950495049505,0.5247524752475248,0.8,0.0,101,0.0,14,0.046052631578947366
1108710854994919424,1,23,1,23,11.0,0,0.34782608695652173,2.5652173913043477,3.1739130434782608,12.0,0.0,23,0.0,3,0.13559322033898305
1109339969301012481,6,48,6,48,1.6666666666666667,1,0.5625,1.2083333333333333,1.375,2.0,0.0,48,0.0,7,0.46551724137931033
1108822161949507589,1,23,1,23,22.0,0,0.21739130434782608,6.782608695652174,1.608695652173913,7.0,0.0,23,0.0,3,0.03205128205128205
1108455433281462281,1,23,1,23,24.0,0,1.6521739130434783,6.695652173913044,2.9565217391304346,9.0,0.0,23,0.0,3,0.24675324675324675
D2TKtvHW0AAyliB,9,93,9,93,1.6666666666666667,1,0.26881720430107525,1.032258064516129,0.3870967741935484,0.5555555555555556,0.0,93,0.0,11,0.2604166666666667
1111326082743984129,6,55,6,55,1.1666666666666667,0,0.2,0.7818181818181819,0.9818181818181818,1.5,0.0,55,0.0,8,0.2558139534883721
1108796729187594240,15,110,15,110,1.5333333333333334,0,0.05454545454545454,1.3727272727272728,0.3181818181818182,0.4,0.0,110,0.0,16,0.039735099337748346
D2jRf70UgAAuTab,10,97,10,97,0.8,1,0.28865979381443296,0.5051546391752577,0.5051546391752577,0.8,0.0,97,0.0,12,0.5714285714285714
1108284343330500608,4,39,4,39,4.25,0,0.48717948717948717,2.3846153846153846,1.0512820512820513,1.5,0.0,39,0.0,6,0.20430107526881722
1109160815297359872,18,118,18,118,0.16666666666666666,0,0.2542372881355932,0.13559322033898305,0.7966101694915254,0.9444444444444444,0.0,118,0.0,19,1.875
1110876029722066945,11,67,11,67,2.6363636363636362,0,1.4477611940298507,2.328358208955224,0.6567164179104478,0.9090909090909091,0.0,67,0.0,13,0.6217948717948718
1111634245984944129,17,116,17,116,1.3529411764705883,0,0.4482758620689655,1.3017241379310345,0.5517241379310345,0.7058823529411765,0.0,116,0.0,18,0.3443708609271523
1108817053278822400,3,39,3,39,5.333333333333333,0,0.6923076923076923,2.3076923076923075,1.4871794871794872,3.6666666666666665,0.0,39,0.0,4,0.3
1105367950054354944,9,74,9,74,3.0,0,0.12162162162162163,2.0945945945945947,0.6621621621621622,0.8888888888888888,0.0,74,0.0,11,0.05806451612903226
1112900331673980934,16,119,16,119,1.3125,0,0.05042016806722689,1.1932773109243697,0.15966386554621848,0.0625,0.0,119,0.0,13,0.04225352112676056
1107770331090112512,8,60,8,60,3.0,0,0.4,2.6333333333333333,1.2333333333333334,1.5,0.0,60,0.0,10,0.1518987341772152
1109247561976696833,20,129,20,129,1.35,0,0.7054263565891473,1.1085271317829457,0.6201550387596899,0.65,0.0,129,0.0,20,0.6363636363636364
1108520683980668928,14,106,14,106,1.9285714285714286,1,0.08490566037735849,1.4433962264150944,0.6132075471698113,0.9285714285714286,0.0,106,0.0,14,0.058823529411764705
1113164205107097600,16,138,16,138,0.9375,0,0.21739130434782608,0.6304347826086957,0.463768115942029,0.75,0.0,138,0.0,19,0.3448275862068966
1108538720335118336,17,118,17,118,1.4705882352941178,0,0.4491525423728814,1.2033898305084745,0.7966101694915254,0.9411764705882353,0.0,118,0.0,18,0.3732394366197183
1112454786912272384,15,103,15,103,1.6,0,0.2524271844660194,1.4854368932038835,0.9805825242718447,1.1333333333333333,0.0,103,0.0,14,0.16993464052287582
1108787296806060032,13,123,13,123,2.076923076923077,0,0.08943089430894309,1.2601626016260163,0.7560975609756098,1.0769230769230769,0.0,123,0.0,15,0.07096774193548387
D1-WAOxW0AEVDoe,12,108,12,108,1.9166666666666667,0,0.8425925925925926,1.4166666666666667,0.5555555555555556,0.8333333333333334,0.0,108,0.0,14,0.5947712418300654
1111679380877725696,13,98,13,98,1.0,0,0.20408163265306123,0.8061224489795918,0.7551020408163265,0.9230769230769231,0.0,98,0.0,13,0.25316455696202533
D1eJMgFX4AgwDRU,11,110,11,110,2.272727272727273,0,0.2545454545454545,1.3909090909090909,0.5727272727272728,0.9090909090909091,0.0,110,0.0,13,0.1830065359477124
D14sXAGUkAAozDe,15,126,15,126,1.5333333333333334,1,0.12698412698412698,1.2301587301587302,0.0873015873015873,0.06666666666666667,0.0,126,0.0,19,0.1032258064516129
D2Rypv_W0AUIRF8,11,90,11,90,1.9090909090909092,0,0.35555555555555557,1.3,0.6888888888888889,1.2727272727272727,0.0,90,0.0,14,0.27350427350427353
1107959904172675072,22,139,22,139,0.9545454545454546,0,0.26618705035971224,0.8848920863309353,0.33093525179856115,0.36363636363636365,0.0,139,0.0,21,0.3008130081300813
1108672309244690433,9,84,9,84,3.0,0,0.36904761904761907,1.880952380952381,0.44047619047619047,0.5555555555555556,0.0,84,0.0,9,0.1962025316455696
D3LFudFXkAEh6Vs,10,113,10,113,2.0,0,0.9557522123893806,1.079646017699115,0.5752212389380531,0.8,0.017699115044247787,111,0.017699115044247787,14,0.8852459016393442
1108371039824867332,9,69,9,69,3.4444444444444446,0,0.21739130434782608,2.2753623188405796,0.6376811594202898,0.8888888888888888,0.0,69,0.0,10,0.09554140127388536
D2MdZykU4AIqKtq,15,128,15,128,1.8,0,0.0859375,1.21875,0.421875,0.6,0.0,128,0.0,16,0.07051282051282051
1108395647714185216,18,105,18,105,1.3888888888888888,0,0.6,1.438095238095238,-1.0,-1.0,0.0,105,0.0,19,0.41721854304635764
1111122503764770816,15,121,15,121,1.8,0,0.2066115702479339,1.256198347107438,0.5619834710743802,0.8,0.0,121,0.0,17,0.16447368421052633
D0-POYIXgAAxGhK,11,104,11,104,1.0909090909090908,0,0.5384615384615384,0.6538461538461539,0.6442307692307693,0.9090909090909091,0.0,104,0.0,15,0.8235294117647058
D1fQv2aXgAA7XUe,8,94,8,94,2.125,0,0.851063829787234,1.074468085106383,0.4574468085106383,0.75,0.02127659574468085,92,0.02127659574468085,9,0.7920792079207921
1109957690111873024,13,138,13,138,1.6923076923076923,0,0.2608695652173913,1.1231884057971016,0.2753623188405797,0.5384615384615384,0.0,138,0.0,14,0.23225806451612904
D15NatsXgAElSr0,14,127,14,127,1.0714285714285714,0,0.2204724409448819,0.6299212598425197,0.6299212598425197,0.9285714285714286,0.0,127,0.0,18,0.35
1105687753323233280,12,92,12,92,1.9166666666666667,0,0.5869565217391305,1.7173913043478262,0.6195652173913043,0.8333333333333334,0.0,92,0.0,13,0.34177215189873417
1108129460040204291,12,99,12,99,1.75,0,0.1717171717171717,1.494949494949495,0.797979797979798,0.75,0.0,99,0.0,14,0.11486486486486487
D1lUte3XcAAR6ab,8,86,8,86,2.625,0,4.093023255813954,1.3372093023255813,0.4418604651162791,0.75,0.0,86,0.0,10,3.0608695652173914
1102942592411422720,10,83,10,83,1.4,0,0.27710843373493976,1.0,0.7228915662650602,1.1,0.0,83,0.0,9,0.27710843373493976
1107100031620927491,8,60,8,60,1.5,1,0.05,1.4,1.3833333333333333,1.75,0.0,60,0.0,10,0.03571428571428571
1109485203662274566,11,72,11,72,1.4545454545454546,1,0.25,1.4722222222222223,0.75,0.6363636363636364,0.0,72,0.0,13,0.16981132075471697
D16VlVdU4AAOItg,8,86,8,86,-1.0,1,-1.0,-1.0,0.8255813953488372,1.5,0.8023255813953488,17,0.8023255813953488,13,-1.0
D3F_mJ0W4AA_bZR,15,115,15,115,1.8,1,2.582608695652174,1.3217391304347825,0.6869565217391305,0.9333333333333333,0.0,115,0.0,15,1.9539473684210527
1102556829584887814,9,73,9,73,0.4444444444444444,0,1.2054794520547945,0.2191780821917808,0.6575342465753424,0.8888888888888888,0.0,73,0.0,11,5.5
D1uNktIXQAIOKJh,8,87,8,87,2.625,0,0.3793103448275862,1.528735632183908,0.8160919540229885,1.5,0.0,87,0.0,11,0.24812030075187969
1106983583548358656,6,54,6,54,1.5,1,0.5740740740740741,0.9074074074074074,0.5555555555555556,0.8333333333333334,0.0,54,0.0,7,0.6326530612244898
1107711569167900672,4,52,4,52,5.0,1,0.9615384615384616,1.9615384615384615,0.6923076923076923,1.75,0.0,52,0.0,5,0.49019607843137253
1108439565747007489,11,82,11,82,0.2727272727272727,0,0.8170731707317073,0.17073170731707318,0.7073170731707317,0.9090909090909091,0.0,82,0.0,13,4.785714285714286
1103329646484119552,20,121,20,121,1.3,0,0.24793388429752067,1.2892561983471074,0.7768595041322314,0.9,0.0,121,0.0,20,0.19230769230769232
1108813554344435713,10,81,10,81,1.0,0,0.2962962962962963,0.6666666666666666,0.7407407407407407,0.7,0.0,81,0.0,9,0.4444444444444444
D1OavJcX4AAYBBH,19,135,19,135,0.47368421052631576,1,0.1925925925925926,0.4148148148148148,0.6444444444444445,0.8947368421052632,0.0,135,0.0,21,0.4642857142857143
1105162547378872320,19,134,19,134,1.368421052631579,1,0.3656716417910448,1.1567164179104477,0.5895522388059702,0.8421052631578947,0.0,134,0.0,23,0.3161290322580645
1108301155069816833,16,116,16,116,1.4375,0,0.09482758620689655,1.3362068965517242,0.75,0.875,0.0,116,0.0,15,0.07096774193548387
D1eLkxMX4AAuex7,13,112,13,112,0.38461538461538464,0,0.23214285714285715,0.19642857142857142,0.6785714285714286,1.0,0.0,112,0.0,17,1.1818181818181819
1107394755342815233,10,83,10,83,2.5,0,0.12048192771084337,1.8072289156626506,0.8433734939759037,1.0,0.0,83,0.0,11,0.06666666666666667
1106581499577548800,3,51,3,51,7.333333333333333,0,0.29411764705882354,2.6862745098039214,0.6862745098039216,1.6666666666666667,0.0,51,0.0,3,0.10948905109489052
D2khHTNWsAAAJLW,14,108,14,108,1.5714285714285714,0,0.3148148148148148,1.4444444444444444,0.6574074074074074,1.0714285714285714,0.046296296296296294,103,0.046296296296296294,16,0.21794871794871795
1107637273502384133,11,100,11,100,1.6363636363636365,0,1.46,1.55,0.23,0.2727272727272727,0.0,100,0.0,14,0.9419354838709677
1107012931244515328,9,77,9,77,1.3333333333333333,0,0.12987012987012986,1.2987012987012987,1.4025974025974026,1.8888888888888888,0.0,77,0.0,9,0.1
1106632740047327238,19,137,19,137,1.5263157894736843,0,0.5401459854014599,1.1240875912408759,0.6715328467153284,0.8421052631578947,0.0,137,0.0,18,0.4805194805194805
1110844697876942850,17,134,17,134,-1.0,1,0.43283582089552236,-1.0,0.7686567164179104,1.0,0.0,134,0.0,19,-1.0
1107640027721449472,19,125,19,125,0.8421052631578947,1,0.008,0.768,0.456,0.42105263157894735,0.0,125,0.0,21,0.010416666666666666
1111337159838126080,8,72,8,72,3.375,1,0.8055555555555556,2.0694444444444446,0.6527777777777778,0.875,0.0,72,0.0,9,0.38926174496644295
1108793142659014656,8,72,8,72,0.125,0,0.875,0.1388888888888889,1.0277777777777777,1.5,0.0,72,0.0,9,6.3
1110641191681433601,8,80,8,80,3.625,0,0.1375,1.9125,0.8625,1.5,0.0,80,0.0,9,0.0718954248366013
1106580854137069568,6,84,6,84,4.0,0,0.8928571428571429,1.8333333333333333,0.8333333333333334,1.6666666666666667,0.0,84,0.0,4,0.487012987012987
D06AszrWwAAIKPQ,12,103,12,103,1.4166666666666667,0,0.5533980582524272,0.9902912621359223,0.6019417475728155,1.0,0.1941747572815534,83,0.1941747572815534,16,0.5588235294117647
1105276413777715201,9,76,9,76,2.111111111111111,0,1.118421052631579,2.0,0.6842105263157895,0.8888888888888888,0.0,76,0.0,10,0.5592105263157895
1103244085928685568,16,137,16,137,1.75,0,0.11678832116788321,1.1240875912408759,0.5912408759124088,0.75,0.0,137,0.0,16,0.1038961038961039
D054-jMXgAAW7nw,11,98,11,98,2.5454545454545454,0,0.5510204081632653,1.5816326530612246,0.23469387755102042,0.36363636363636365,0.0,98,0.0,14,0.34838709677419355
1104444590294224897,9,68,9,68,3.111111111111111,0,0.11764705882352941,2.3088235294117645,0.6470588235294118,0.8888888888888888,0.0,68,0.0,10,0.050955414012738856
1109189353027354624,8,73,8,73,3.375,0,0.2465753424657534,2.1232876712328768,0.4383561643835616,0.625,0.0,73,0.0,6,0.11612903225806452
1107101010760065024,14,106,14,106,1.7142857142857142,0,0.22641509433962265,1.3773584905660377,0.6415094339622641,0.7857142857142857,0.0,106,0.0,16,0.1643835616438356
D2wmb4IXcAYWIW7,12,103,12,103,1.75,0,0.22330097087378642,1.2718446601941749,0.5922330097087378,0.9166666666666666,0.0,103,0.0,13,0.17557251908396945
D1urG1ZX4AEEOJ5,12,127,12,127,2.0,0,0.6456692913385826,1.1653543307086613,0.5039370078740157,0.9166666666666666,0.0,127,0.0,14,0.5540540540540541
1106225267096326144,13,110,13,110,0.7692307692307693,0,0.17272727272727273,0.5818181818181818,0.5818181818181818,0.7692307692307693,0.0,110,0.0,12,0.296875
D3A4uzuWoAU1ns0,14,113,14,113,1.3571428571428572,0,0.2743362831858407,1.415929203539823,0.1415929203539823,0.21428571428571427,0.0,113,0.0,17,0.19375
D21vIWrX4AAJGMQ,9,96,9,96,2.3333333333333335,0,0.22916666666666666,1.2604166666666667,0.5625,1.3333333333333333,0.0,96,0.0,12,0.18181818181818182
1109225557479305216,16,116,16,116,0.5625,0,0.04310344827586207,0.3793103448275862,0.6982758620689655,0.875,0.0,116,0.0,15,0.11363636363636363
1113073400698765312,13,93,13,93,1.9230769230769231,0,0.021505376344086023,1.6666666666666667,0.16129032258064516,0.23076923076923078,0.0,93,0.0,13,0.012903225806451613
1111840519464931329,10,98,10,98,0.9,0,0.01020408163265306,1.2448979591836735,0.41836734693877553,0.7,0.0,98,0.0,10,0.00819672131147541
D2mG4ohXcAAMkmX,15,125,15,125,1.6,0,0.28,0.992,0.608,0.8666666666666667,0.0,125,0.0,15,0.28225806451612906
D2-sRacW0AAKQVZ,10,108,10,108,2.0,0,0.1574074074074074,1.0,0.5462962962962963,0.9,0.0,108,0.0,14,0.1574074074074074
1112750249477582856,12,94,12,94,1.1666666666666667,0,0.3404255319148936,1.0106382978723405,0.7446808510638298,0.9166666666666666,0.0,94,0.0,14,0.3368421052631579
1109103185656844288,16,103,16,103,0.9375,0,0.1262135922330097,1.1262135922330097,0.7961165048543689,0.9375,0.0,103,0.0,18,0.11206896551724138
D1wL74TU4AY6IkA,8,91,8,91,3.5,1,0.12087912087912088,1.7362637362637363,0.7472527472527473,1.375,0.0,91,0.0,13,0.06962025316455696
1112731490918559745,15,112,15,112,1.7333333333333334,0,0.33035714285714285,1.4017857142857142,0.6071428571428571,0.8,0.0,112,0.0,14,0.2356687898089172
1112945175905464320,16,126,16,126,0.8125,0,0.6984126984126984,0.6746031746031746,0.19047619047619047,0.25,0.0,126,0.0,14,1.035294117647059
1106738109629300736,10,73,10,73,0.9,0,0.7808219178082192,0.8356164383561644,0.5616438356164384,0.8,0.0,73,0.0,12,0.9344262295081968
1112898813902114816,16,139,16,139,1.0,0,0.1366906474820144,0.8776978417266187,0.38848920863309355,0.5,0.0,139,0.0,19,0.1557377049180328
D1umrJ7W0AEkV4I,15,123,15,123,0.3333333333333333,0,0.44715447154471544,0.2032520325203252,0.14634146341463414,0.06666666666666667,0.0,123,0.0,19,2.2
D1WRg7pVsAAxyau,9,93,9,93,-1.0,0,-1.0,-1.0,0.2903225806451613,0.4444444444444444,0.0,93,0.0,12,-1.0
1113030815636586496,9,75,9,75,1.4444444444444444,0,0.22666666666666666,0.8533333333333334,0.9333333333333333,1.3333333333333333,0.0,75,0.0,9,0.265625
1110609306322382853,1,23,1,23,25.0,0,2.347826086956522,6.869565217391305,1.4782608695652173,7.0,0.0,23,0.0,3,0.34177215189873417
D13VhgRX4AEGet6,13,117,13,117,0.7692307692307693,0,0.5128205128205128,0.5213675213675214,0.5897435897435898,0.8461538461538461,0.0,117,0.0,14,0.9836065573770492
D1Yc81BX0AUnzrd,11,98,11,98,1.0,0,0.25510204081632654,0.7142857142857143,0.5102040816326531,0.8181818181818182,0.0,98,0.0,12,0.35714285714285715
1102479560606572544,10,69,10,69,2.5,0,1.1304347826086956,2.260869565217391,0.6521739130434783,0.9,0.0,69,0.0,12,0.5
1109476181282304000,11,74,11,74,1.4545454545454546,0,0.4864864864864865,1.2567567567567568,0.6216216216216216,0.9090909090909091,0.0,74,0.0,13,0.3870967741935484
1102721251020136448,14,134,14,134,1.0714285714285714,0,0.08955223880597014,0.6791044776119403,0.5223880597014925,0.7857142857142857,0.0,134,0.0,16,0.13186813186813187
D1jTxPxXQAIAlxV,7,85,7,85,3.0,0,1.9176470588235295,1.7882352941176471,0.7764705882352941,1.5714285714285714,0.0,85,0.0,9,1.0723684210526316
1112961969022296065,12,88,12,88,1.3333333333333333,0,0.2159090909090909,1.0681818181818181,0.7272727272727273,0.9166666666666666,0.0,88,0.0,14,0.20212765957446807
D1qnSW3WsAAXfWU,14,111,14,111,0.5,0,0.07207207207207207,0.40540540540540543,0.5585585585585585,0.8571428571428571,0.0,111,0.0,17,0.17777777777777778
Dc8l1FcUQAAD6sA,14,126,14,126,1.6428571428571428,0,0.1984126984126984,1.253968253968254,0.5158730158730159,0.7857142857142857,0.0,126,0.0,14,0.15822784810126583
1112431907034288128,16,117,16,117,1.25,0,0.358974358974359,1.1025641025641026,0.2905982905982906,0.4375,0.0,117,0.0,14,0.32558139534883723
D1zFPJvX4AEDPKB,16,128,16,128,1.1875,0,0.203125,0.765625,0.6328125,0.875,0.0,128,0.0,19,0.2653061224489796
1112666806349488128,19,117,19,117,1.368421052631579,0,0.23931623931623933,1.0341880341880343,0.6666666666666666,0.8947368421052632,0.0,117,0.0,21,0.23140495867768596
D1El-sMXcAAD1SA,12,108,12,108,0.4166666666666667,0,0.046296296296296294,0.23148148148148148,0.32407407407407407,0.5,0.0,108,0.0,16,0.2
D3A98L6XQAAnsCS,12,116,12,116,1.0833333333333333,0,0.11206896551724138,0.7758620689655172,0.6120689655172413,1.0833333333333333,0.0,116,0.0,15,0.14444444444444443
1110955149059461120,22,135,22,135,1.0909090909090908,1,0.25925925925925924,1.125925925925926,0.8222222222222222,0.9545454545454546,0.0,135,0.0,24,0.23026315789473684
1112046748879519744,18,137,18,137,0.8333333333333334,0,0.043795620437956206,0.5401459854014599,0.20437956204379562,0.3333333333333333,0.0,137,0.0,21,0.08108108108108109
1102541958306770944,16,110,16,110,0.1875,1,0.4,0.22727272727272727,0.6363636363636364,0.8125,0.0,110,0.0,17,1.76
1106384521685925888,10,76,10,76,2.7,0,0.19736842105263158,2.0657894736842106,0.868421052631579,1.2,0.0,76,0.0,11,0.09554140127388536
1109058893722742784,15,105,15,105,1.7333333333333334,0,0.2761904761904762,1.4952380952380953,0.49523809523809526,0.6666666666666666,0.0,105,0.0,16,0.18471337579617833
l0JYwbGvIQcQE5XI,11,106,11,106,1.6363636363636365,0,0.03773584905660377,1.2452830188679245,0.14150943396226415,0.09090909090909091,0.0,106,0.0,13,0.030303030303030304
1113023336643284992,15,118,15,118,1.8,1,0.4067796610169492,1.305084745762712,0.6779661016949152,0.9333333333333333,0.0,118,0.0,14,0.3116883116883117
1106383282067988480,15,108,15,108,1.6666666666666667,0,0.6018518518518519,1.4259259259259258,0.6388888888888888,0.7333333333333333,0.0,108,0.0,16,0.42207792207792205
1107093433288716290,15,106,15,106,1.5333333333333334,0,0.03773584905660377,1.4528301886792452,0.2169811320754717,0.06666666666666667,0.0,106,0.0,17,0.025974025974025976
1106156018092920832,13,96,13,96,2.1538461538461537,0,0.052083333333333336,1.6354166666666667,0.375,0.5384615384615384,0.0,96,0.0,15,0.03184713375796178
1107036378955681793,12,90,12,90,1.4166666666666667,0,0.5777777777777777,1.3111111111111111,0.7333333333333333,0.9166666666666666,0.0,90,0.0,11,0.4406779661016949
1111235140385193985,5,43,5,43,2.0,1,0.7209302325581395,1.4651162790697674,1.441860465116279,2.6,0.0,43,0.0,6,0.49206349206349204
D18vZooXcAIq_QU,11,117,11,117,2.1818181818181817,0,0.37606837606837606,1.1282051282051282,0.7435897435897436,1.2727272727272727,0.0,117,0.0,14,0.3333333333333333
1109482081157931010,16,99,16,99,0.875,0,0.1919191919191919,0.7777777777777778,0.8787878787878788,0.875,0.0,99,0.0,18,0.24675324675324675
D2mOxgEWsAItuMM,11,105,11,105,1.6363636363636365,0,0.1523809523809524,1.0952380952380953,0.580952380952381,1.0,0.0,105,0.0,14,0.1391304347826087
1110554442284363776,13,88,13,88,1.6153846153846154,1,1.2272727272727273,1.4886363636363635,0.7272727272727273,0.9230769230769231,0.0,88,0.0,14,0.8244274809160306
D2tUi3nX4AAI6Q5,12,109,12,109,1.3333333333333333,0,0.06422018348623854,0.7431192660550459,0.5321100917431193,0.8333333333333334,0.0,109,0.0,12,0.08641975308641975
1103308323766579206,15,112,15,112,1.2666666666666666,0,0.33035714285714285,0.9285714285714286,0.7857142857142857,0.9333333333333333,0.0,112,0.0,19,0.3557692307692308
D0_P14bVAAEoC3D,10,100,10,100,1.5,0,0.28,0.84,0.52,0.9,0.0,100,0.0,12,0.3333333333333333
1106399692303278080,13,105,13,105,0.9230769230769231,1,0.1523809523809524,0.7523809523809524,1.0476190476190477,1.4615384615384615,0.0,105,0.0,12,0.20253164556962025
1111633163632164865,16,109,16,109,0.6875,0,-1.0,0.5045871559633027,0.6697247706422018,0.8125,0.0,109,0.0,18,-1.0
1105817399201161217,14,108,14,108,0.5714285714285714,0,-1.0,0.4351851851851852,0.7777777777777778,0.9285714285714286,0.0,108,0.0,17,-1.0
1108282224984494080,17,126,17,126,1.2941176470588236,0,1.1984126984126984,1.253968253968254,0.5396825396825397,0.4117647058823529,0.0,126,0.0,15,0.9556962025316456
1109273308455993344,13,97,13,97,1.7692307692307692,0,0.5154639175257731,1.6082474226804124,0.5773195876288659,0.6923076923076923,0.0,97,0.0,13,0.32051282051282054
D2gEGqGX0AAkBpN,13,118,13,118,1.6153846153846154,1,0.559322033898305,1.0593220338983051,0.6949152542372882,1.1538461538461537,0.0,118,0.0,16,0.528
1108064119909953537,14,113,14,113,1.9285714285714286,0,0.1504424778761062,1.345132743362832,0.6548672566371682,0.8571428571428571,0.0,113,0.0,16,0.1118421052631579
1108025655063707648,6,47,6,47,4.166666666666667,1,2.276595744680851,3.1914893617021276,1.446808510638298,2.0,0.0,47,0.0,8,0.7133333333333334
1104434943676043264,12,84,12,84,2.3333333333333335,0,0.36904761904761907,1.8571428571428572,0.5,0.75,0.0,84,0.0,9,0.1987179487179487
1109424636943577088,8,69,8,69,1.875,1,1.2753623188405796,1.463768115942029,1.0579710144927537,1.375,0.0,69,0.0,9,0.8712871287128713
1110548946001281024,18,140,18,140,0.3333333333333333,0,0.15,0.2642857142857143,0.8357142857142857,0.9444444444444444,0.0,140,0.0,16,0.5675675675675675
D1dqMsxWsAc1mZr,7,87,7,87,3.0,0,3.057471264367816,1.3218390804597702,0.4482758620689655,0.7142857142857143,0.0,87,0.0,10,2.3130434782608695
1111274243667435520,16,107,16,107,0.8125,0,0.18691588785046728,0.6448598130841121,0.6448598130841121,0.8125,0.0,107,0.0,18,0.2898550724637681
1104142434252943360,21,135,21,135,-1.0,0,-1.0,-1.0,0.13333333333333333,0.19047619047619047,0.0,135,0.0,21,-1.0
1106403018545786880,14,105,14,105,1.5714285714285714,0,0.8857142857142857,1.4095238095238096,1.4095238095238096,1.6428571428571428,0.0,105,0.0,14,0.6283783783783784
1111308364427026434,10,78,10,78,1.6,0,1.205128205128205,1.5384615384615385,0.6923076923076923,0.9,0.0,78,0.0,11,0.7833333333333333
CSCML8BWwAEocwq,11,111,11,111,1.3636363636363635,1,0.40540540540540543,0.7117117117117117,0.5765765765765766,0.9090909090909091,0.0,111,0.0,14,0.569620253164557
1106503470323023872,9,72,9,72,0.8888888888888888,0,0.4027777777777778,0.5555555555555556,0.6805555555555556,0.8888888888888888,0.0,72,0.0,9,0.725
1108469030124437505,8,75,8,75,1.75,0,0.3466666666666667,1.12,0.9466666666666667,1.5,0.0,75,0.0,11,0.30952380952380953
D2cytY8XgAA0A2m,12,110,12,110,2.5,0,0.22727272727272727,1.4181818181818182,0.4,0.75,0.0,110,0.0,15,0.16025641025641027
1110902744200679424,15,103,15,103,1.8666666666666667,0,0.1262135922330097,1.5145631067961165,0.6601941747572816,0.8666666666666667,0.0,103,0.0,15,0.08333333333333333
1108700551783612418,12,90,12,90,0.4166666666666667,0,0.011111111111111112,0.25555555555555554,0.25555555555555554,0.4166666666666667,0.0,90,0.0,13,0.043478260869565216
PB5XthwP06qrbYnM,12,103,12,103,2.3333333333333335,0,1.1553398058252426,1.5339805825242718,0.46601941747572817,0.75,0.019417475728155338,101,0.019417475728155338,14,0.7531645569620253
1112449796168695809,19,113,19,113,0.631578947368421,0,0.13274336283185842,0.584070796460177,0.8584070796460177,0.9473684210526315,0.0,113,0.0,21,0.22727272727272727
1106193623245295619,13,84,13,84,-1.0,0,-1.0,-1.0,-1.0,-1.0,0.0,84,0.0,14,-1.0
1109832401390370816,13,85,13,85,2.076923076923077,0,0.4470588235294118,1.6,0.4588235294117647,0.6153846153846154,0.0,85,0.0,14,0.27941176470588236
D1EwSCgW0AAeTkn,13,111,13,111,1.5384615384615385,0,0.6036036036036037,1.1081081081081081,0.7027027027027027,1.0,0.0,111,0.0,16,0.5447154471544715
1109972592322990081,19,120,19,120,0.8947368421052632,1,0.11666666666666667,0.9,0.9,0.8947368421052632,0.0,120,0.0,19,0.12962962962962962
1108501477394432000,7,53,7,53,1.0,0,0.018867924528301886,0.5849056603773585,1.0754716981132075,1.2857142857142858,0.0,53,0.0,8,0.03225806451612903
D1X2vYdWoAA070f,10,93,10,93,1.8,0,0.41935483870967744,1.1290322580645162,0.6666666666666666,1.1,0.0,93,0.0,10,0.37142857142857144
D2lZVJ6X4AUce6y,10,87,10,87,2.6,0,0.22988505747126436,1.8160919540229885,0.4482758620689655,0.8,0.034482758620689655,84,0.034482758620689655,14,0.12658227848101267
1106960258025570304,4,70,4,70,2.25,0,0.5857142857142857,0.6142857142857143,0.6857142857142857,2.0,0.0,70,0.0,3,0.9534883720930233
1110184961695539202,20,126,20,126,1.15,0,0.47619047619047616,1.2380952380952381,0.5793650793650794,0.5,0.0,126,0.0,21,0.38461538461538464
1103629489903468545,14,100,14,100,1.8571428571428572,1,0.48,1.55,0.69,0.8571428571428571,0.0,100,0.0,15,0.3096774193548387
D2DpKD7U8AIbAYR,18,135,18,135,1.4444444444444444,1,0.2,1.1185185185185185,0.35555555555555557,0.5,0.0,135,0.0,21,0.17880794701986755
1107432344103895041,9,79,9,79,2.3333333333333335,0,0.06329113924050633,1.9873417721518987,0.4430379746835443,0.6666666666666666,0.0,79,0.0,11,0.03184713375796178
1107763373280768000,17,116,17,116,0.8235294117647058,0,0.19827586206896552,0.7068965517241379,0.43103448275862066,0.47058823529411764,0.0,116,0.0,19,0.2804878048780488
1107592573453914112,20,134,20,134,1.25,0,0.16417910447761194,1.1343283582089552,0.19402985074626866,0.2,0.0,134,0.0,20,0.14473684210526316
1104446968422555649,18,131,18,131,1.3888888888888888,0,0.7099236641221374,1.2061068702290076,0.2595419847328244,0.3333333333333333,0.0,131,0.0,17,0.5886075949367089
1111674616836222978,19,122,19,122,1.2105263157894737,0,0.16393442622950818,1.0901639344262295,0.6229508196721312,0.7368421052631579,0.0,122,0.0,21,0.15037593984962405
1103905775443832836,7,55,7,55,3.4285714285714284,0,1.0363636363636364,2.7818181818181817,0.5454545454545454,0.7142857142857143,0.0,55,0.0,9,0.37254901960784315
1108761982507847680,10,69,10,69,3.0,0,0.17391304347826086,2.289855072463768,0.5362318840579711,0.8,0.0,69,0.0,12,0.0759493670886076
D2wHhxdU4AEBdSA,11,106,11,106,1.2727272727272727,0,0.3018867924528302,0.7547169811320755,0.5471698113207547,0.8181818181818182,0.0,106,0.0,13,0.4
1110636133271011328,13,121,13,121,1.3846153846153846,2,0.34710743801652894,0.9834710743801653,0.6859504132231405,0.9230769230769231,0.0,121,0.0,12,0.35294117647058826
1102665882629754881,7,68,7,68,1.5714285714285714,0,1.4705882352941178,1.1323529411764706,0.6470588235294118,0.8571428571428571,0.0,68,0.0,8,1.2987012987012987
D2hZfg9WoAEfkf7,17,127,17,127,1.6470588235294117,0,0.2204724409448819,1.220472440944882,0.6220472440944882,0.8823529411764706,0.05511811023622047,120,0.05511811023622047,17,0.18064516129032257
1112143918802579458,11,80,11,80,1.1818181818181819,1,0.8125,1.05,0.7,0.9090909090909091,0.0,80,0.0,13,0.7738095238095238
D04bYlTWsAAoq_O,13,116,13,116,1.3076923076923077,0,0.47413793103448276,0.7413793103448276,0.5862068965517241,0.8461538461538461,0.0,116,0.0,16,0.6395348837209303
1107261551080296449,13,93,13,93,1.0769230769230769,1,0.3010752688172043,0.8924731182795699,0.9247311827956989,1.0,0.0,93,0.0,15,0.3373493975903614
D1cXWl9XQAAETG3,15,109,15,109,1.9333333333333333,0,0.3211009174311927,1.3944954128440368,0.4954128440366973,0.8,0.0,109,0.0,16,0.23026315789473684
1112854922855415809,20,135,20,135,1.3,0,0.1111111111111111,1.162962962962963,0.6888888888888889,0.75,0.0,135,0.0,22,0.09554140127388536
1110930208767594498,11,84,11,84,2.0,0,0.10714285714285714,1.4047619047619047,0.5833333333333334,0.8181818181818182,0.0,84,0.0,12,0.07627118644067797
D01lYxhUcAAG-3u,9,96,9,96,-1.0,0,-1.0,-1.0,0.28125,0.4444444444444444,0.0,96,0.0,11,-1.0
1110442183490822144,6,72,6,72,4.0,0,0.5138888888888888,2.0416666666666665,1.375,2.6666666666666665,0.0,72,0.0,6,0.25170068027210885
1112671196129054726,8,61,8,61,2.5,0,0.3114754098360656,1.9180327868852458,1.0819672131147542,1.375,0.0,61,0.0,9,0.1623931623931624
1110293075644035073,13,101,13,101,1.1538461538461537,1,0.33663366336633666,1.0495049504950495,0.22772277227722773,0.38461538461538464,0.0,101,0.0,17,0.32075471698113206
D2vCLiNXcAAh3qT,17,129,17,129,1.4705882352941178,0,0.18604651162790697,1.1705426356589148,0.43410852713178294,0.5882352941176471,0.07751937984496124,119,0.07751937984496124,20,0.15894039735099338
1112747007930761216,11,84,11,84,1.8181818181818181,0,1.0357142857142858,1.7619047619047619,0.27380952380952384,0.36363636363636365,0.0,84,0.0,14,0.5878378378378378
1107630460484706304,10,75,10,75,2.5,0,0.17333333333333334,2.013333333333333,1.04,1.5,0.0,75,0.0,10,0.08609271523178808
1106719256769687552,22,136,22,136,1.1818181818181819,0,0.007352941176470588,0.9852941176470589,0.4632352941176471,0.5,0.0,136,0.0,21,0.007462686567164179
D1bTZx3X0AArsI6,15,139,15,139,1.4666666666666666,0,0.3381294964028777,1.1151079136690647,0.6546762589928058,0.8666666666666667,0.0,139,0.0,20,0.3032258064516129
1107047993738448896,19,115,19,115,0.3157894736842105,0,0.1826086956521739,0.2956521739130435,0.3739130434782609,0.3684210526315789,0.0,115,0.0,20,0.6176470588235294
1110928783077507073,11,95,11,95,2.272727272727273,0,0.3157894736842105,1.6105263157894736,0.9157894736842105,1.0909090909090908,0.0,95,0.0,12,0.19607843137254902
1107780311600058369,9,72,9,72,1.5555555555555556,0,0.4583333333333333,2.2222222222222223,0.6666666666666666,0.8888888888888888,0.0,72,0.0,10,0.20625
1110189265919586309,11,82,11,82,2.5454545454545454,1,0.8292682926829268,1.8780487804878048,0.8536585365853658,1.1818181818181819,0.0,82,0.0,11,0.44155844155844154
1111872705790464000,17,119,17,119,1.4705882352941178,1,0.13445378151260504,1.319327731092437,0.5630252100840336,0.5294117647058824,0.0,119,0.0,17,0.10191082802547771
D2C_TrHW0AAlg_B,11,109,11,109,1.2727272727272727,0,0.1743119266055046,0.6513761467889908,0.4036697247706422,0.7272727272727273,0.009174311926605505,108,0.009174311926605505,14,0.2676056338028169
1112812577669738496,11,90,11,90,1.4545454545454546,0,0.2111111111111111,1.3555555555555556,0.6,0.7272727272727273,0.0,90,0.0,13,0.1557377049180328
1108032070041915392,12,100,12,100,1.6666666666666667,0,0.14,1.24,0.38,0.5833333333333334,0.0,100,0.0,12,0.11290322580645161
D2oYXGwX0AE9k6M,12,121,12,121,1.1666666666666667,0,0.1652892561983471,0.6776859504132231,0.6033057851239669,0.8333333333333334,0.0,121,0.0,15,0.24390243902439024
D1evTVNXQAEEuFf,14,117,14,117,1.4285714285714286,0,0.23076923076923078,0.8717948717948718,0.5470085470085471,0.8571428571428571,0.0,117,0.0,15,0.2647058823529412
1112787965875453952,10,76,10,76,2.6,1,0.4605263157894737,2.0526315789473686,0.8289473684210527,1.0,0.0,76,0.0,11,0.22435897435897437
D2T4FSoWsAAJWj1,12,102,12,102,1.9166666666666667,1,0.16666666666666666,1.5294117647058822,0.5784313725490197,0.8333333333333334,0.0,102,0.0,15,0.10897435897435898
D2WxDsZW0AIXn_-,15,126,15,126,1.4,1,0.1111111111111111,0.9047619047619048,0.49206349206349204,0.6666666666666666,0.0,126,0.0,17,0.12280701754385964
1110309383966261249,9,75,9,75,1.6666666666666667,0,0.5466666666666666,1.16,0.6666666666666666,0.8888888888888888,0.0,75,0.0,11,0.47126436781609193
1104663054401171457,10,89,10,89,2.8,0,0.056179775280898875,1.7640449438202248,0.4044943820224719,0.7,0.0,89,0.0,13,0.03184713375796178
1110617426138484736,6,51,6,51,2.3333333333333335,1,1.7450980392156863,1.6862745098039216,0.9607843137254902,1.1666666666666667,0.0,51,0.0,7,1.0348837209302326
D3Es9DDX4AAuDMv,12,108,12,108,2.0833333333333335,0,0.018518518518518517,1.4351851851851851,0.1388888888888889,0.25,0.0,108,0.0,14,0.012903225806451613
1109862723708432384,21,137,21,137,1.380952380952381,0,0.1678832116788321,1.1240875912408759,0.7153284671532847,0.8571428571428571,0.0,137,0.0,22,0.14935064935064934
1106295209988624387,18,121,18,121,1.0,0,0.03305785123966942,1.0909090909090908,0.12396694214876033,0.05555555555555555,0.0,121,0.0,17,0.030303030303030304
D2w7fo-W0AAWfSv,9,109,9,109,2.7777777777777777,1,0.14678899082568808,1.2844036697247707,0.5779816513761468,1.0,0.0,109,0.0,11,0.11428571428571428
1109137664362442753,19,121,19,121,0.3684210526315789,0,0.2644628099173554,0.2727272727272727,0.8016528925619835,0.9473684210526315,0.0,121,0.0,20,0.9696969696969697
1103752066785308675,17,108,17,108,1.588235294117647,1,0.28703703703703703,1.4814814814814814,0.24074074074074073,0.29411764705882354,0.0,108,0.0,18,0.19375
1110169805770899456,22,127,22,127,1.0,0,0.2047244094488189,0.905511811023622,0.5511811023622047,0.5909090909090909,0.0,127,0.0,24,0.22608695652173913
1105072240364867589,1,23,1,23,27.0,0,2.4347826086956523,6.478260869565218,2.260869565217391,8.0,0.0,23,0.0,3,0.37583892617449666
1111649389381120000,11,72,11,72,1.3636363636363635,0,0.08333333333333333,1.0277777777777777,0.3888888888888889,0.5454545454545454,0.0,72,0.0,13,0.08108108108108109
1106641672627204096,10,91,10,91,1.9,0,0.9010989010989011,1.2747252747252746,0.7362637362637363,0.9,0.0,91,0.0,10,0.7068965517241379
1109713777468100608,16,98,16,98,1.0625,0,0.5102040816326531,0.8367346938775511,0.6938775510204082,0.875,0.0,98,0.0,15,0.6097560975609756
1105362829195051008,12,89,12,89,1.5,0,0.3146067415730337,1.101123595505618,1.0224719101123596,1.1666666666666667,0.0,89,0.0,15,0.2857142857142857
1111629448430923777,10,78,10,78,1.8,0,0.1794871794871795,1.1538461538461537,0.6923076923076923,0.9,0.0,78,0.0,10,0.15555555555555556
D1qy4_TX4AA69ZA,6,71,6,71,3.5,0,3.323943661971831,1.732394366197183,0.323943661971831,0.6666666666666666,0.0,71,0.0,9,1.91869918699187
1108891054433099783,10,71,10,71,0.5,1,0.014084507042253521,0.323943661971831,0.323943661971831,0.5,0.0,71,0.0,12,0.043478260869565216
D2gLBT5X4AA9anC,6,72,6,72,3.3333333333333335,0,0.8888888888888888,1.9166666666666667,0.3333333333333333,0.6666666666666666,0.0,72,0.0,9,0.463768115942029
1110753711012364288,18,122,18,122,0.7222222222222222,0,0.1557377049180328,0.639344262295082,0.8524590163934426,1.1111111111111112,0.0,122,0.0,18,0.24358974358974358
D0uhTnwW0AAqoz1,10,95,10,95,2.2,0,0.6210526315789474,1.3578947368421053,0.42105263157894735,0.7,0.0,95,0.0,13,0.4573643410852713
1108667083016032256,10,66,10,66,1.9,0,1.121212121212121,1.7424242424242424,0.6363636363636364,0.9,0.0,66,0.0,11,0.6434782608695652
1106243128950951936,13,88,13,88,0.9230769230769231,0,0.38636363636363635,0.9090909090909091,1.0568181818181819,1.3076923076923077,0.0,88,0.0,13,0.425
1108942574880849920,17,125,17,125,0.7058823529411765,0,-1.0,0.512,0.84,0.9411764705882353,0.0,125,0.0,18,-1.0
1110494804008407040,17,135,17,135,1.1764705882352942,0,0.24444444444444444,1.1037037037037036,0.4444444444444444,0.7058823529411765,0.0,135,0.0,17,0.2214765100671141
1110307160355856385,17,115,17,115,1.588235294117647,0,0.7739130434782608,1.3304347826086957,0.591304347826087,0.5882352941176471,0.0,115,0.0,18,0.5816993464052288
1112659262948417537,16,112,16,112,1.25,0,0.16964285714285715,1.0446428571428572,0.5892857142857143,0.6875,0.0,112,0.0,17,0.1623931623931624
D2__qkSWsAEsSs8,14,101,14,101,1.5,0,0.4158415841584158,1.5445544554455446,0.5148514851485149,0.8571428571428571,0.0,101,0.0,18,0.2692307692307692
1105950407224905728,18,119,18,119,1.3333333333333333,0,0.16806722689075632,1.319327731092437,0.5462184873949579,0.5555555555555556,0.0,119,0.0,19,0.12738853503184713
D0_c01xWkAUM7Vk,13,108,13,108,2.230769230769231,0,0.09259259259259259,1.4351851851851851,0.6666666666666666,0.9230769230769231,0.0,108,0.0,15,0.06451612903225806
1103437645634514944,7,57,7,57,2.142857142857143,0,1.5614035087719298,1.6140350877192982,0.8245614035087719,1.4285714285714286,0.0,57,0.0,8,0.967391304347826
D3Ls4zPX4AATdwP,15,139,15,139,1.7333333333333334,0,0.28776978417266186,1.064748201438849,0.6546762589928058,0.8666666666666667,0.2733812949640288,101,0.2733812949640288,16,0.2702702702702703
1109089106380754944,11,74,11,74,1.1818181818181819,0,0.527027027027027,0.9459459459459459,0.6756756756756757,0.9090909090909091,0.0,74,0.0,13,0.5571428571428572
D2tEJt2WoAYXJTM,11,111,11,111,2.272727272727273,0,0.13513513513513514,1.3873873873873874,0.5495495495495496,0.7272727272727273,0.0,111,0.0,13,0.09740259740259741
D2REY7sW0AElGMC,16,140,16,140,1.4375,0,0.18571428571428572,1.0285714285714285,0.4785714285714286,0.625,0.0,140,0.0,18,0.18055555555555555
1112501224551665665,18,119,18,119,1.3333333333333333,0,0.9243697478991597,1.2857142857142858,0.18487394957983194,0.2222222222222222,0.0,119,0.0,19,0.7189542483660131
D2xIyDMXgAAzwb3,9,100,9,100,1.3333333333333333,0,0.22,0.77,0.72,1.2222222222222223,0.0,100,0.0,13,0.2857142857142857
1111274445648416768,12,83,12,83,1.3333333333333333,0,0.3493975903614458,1.0481927710843373,0.7108433734939759,0.9166666666666666,0.0,83,0.0,14,0.3333333333333333
1108497852915957765,17,122,17,122,1.5294117647058822,0,0.22950819672131148,1.2622950819672132,0.5163934426229508,0.6470588235294118,0.0,122,0.0,19,0.18181818181818182
1106223468314546177,21,132,21,132,1.0952380952380953,0,0.3106060606060606,1.0454545454545454,0.29545454545454547,0.3333333333333333,0.0,132,0.0,23,0.2971014492753623
1112349828829204480,14,99,14,99,2.0,0,0.31313131313131315,1.5757575757575757,0.7878787878787878,1.0,0.0,99,0.0,15,0.1987179487179487
1102655011182456832,15,108,15,108,1.8666666666666667,0,0.046296296296296294,1.4537037037037037,0.3333333333333333,0.4666666666666667,0.0,108,0.0,16,0.03184713375796178
1105430280045760512,8,71,8,71,1.5,1,0.36619718309859156,1.0422535211267605,0.6619718309859155,0.875,0.0,71,0.0,9,0.35135135135135137
1106572391281557504,13,89,13,89,2.3076923076923075,1,0.34831460674157305,1.797752808988764,0.8764044943820225,1.3846153846153846,0.0,89,0.0,14,0.19375
1107362951130947585,8,75,8,75,0.875,0,0.30666666666666664,0.6666666666666666,1.04,1.375,0.0,75,0.0,10,0.46
1108497451269451776,15,101,15,101,1.2,0,0.19801980198019803,1.1287128712871286,0.7821782178217822,0.8,0.0,101,0.0,14,0.17543859649122806
1106141825365086208,12,90,12,90,1.6666666666666667,0,0.4777777777777778,1.4,0.7333333333333333,0.9166666666666666,0.0,90,0.0,13,0.3412698412698413
1104909821751582720,23,139,23,139,1.0434782608695652,0,0.2446043165467626,1.1079136690647482,0.460431654676259,0.5217391304347826,0.0,139,0.0,23,0.22077922077922077
D2Q7ed5X4AA6aBC,10,103,10,103,2.6,1,0.2524271844660194,1.5048543689320388,0.5242718446601942,0.8,0.0,103,0.0,14,0.16774193548387098
D2M5Du0W0AM4p-e,11,96,11,96,2.4545454545454546,0,1.6041666666666667,1.59375,0.4375,0.6363636363636364,0.0,96,0.0,14,1.0065359477124183
1105955471314292738,13,98,13,98,0.23076923076923078,0,0.22448979591836735,0.15306122448979592,0.5816326530612245,0.7692307692307693,0.0,98,0.0,13,1.4666666666666666
D2tHuBCX4AE9iit,12,115,12,115,1.75,0,0.7304347826086957,1.1652173913043478,0.6,1.0,0.0,115,0.0,15,0.6268656716417911
1110120136625647618,15,113,15,113,1.0,0,0.10619469026548672,1.0353982300884956,1.0973451327433628,1.3333333333333333,0.0,113,0.0,17,0.10256410256410256
1102914448254271488,18,110,18,110,1.2222222222222223,1,0.14545454545454545,1.0636363636363637,0.6454545454545455,0.6666666666666666,0.0,110,0.0,17,0.13675213675213677
1112628926944301056,7,59,7,59,2.857142857142857,0,0.3220338983050847,1.9830508474576272,1.11864406779661,1.5714285714285714,0.0,59,0.0,9,0.1623931623931624
D2XX-l1WoAABt7g,15,121,15,121,1.8,1,0.3140495867768595,1.1239669421487604,0.32231404958677684,0.5333333333333333,0.0,121,0.0,19,0.27941176470588236
1111406341841522689,10,70,10,70,1.7,0,1.3571428571428572,1.3714285714285714,0.6571428571428571,0.9,0.0,70,0.0,12,0.9895833333333334
1108860362286342146,9,71,9,71,0.5555555555555556,1,0.014084507042253521,0.323943661971831,0.323943661971831,0.5555555555555556,0.0,71,0.0,11,0.043478260869565216
D2j_dqvWoAELeO7,12,100,12,100,2.0,0,0.68,1.48,0.52,0.8333333333333334,1.26,26,1.26,16,0.4594594594594595
1107568644219912192,16,107,16,107,0.9375,0,0.056074766355140186,0.6915887850467289,0.2616822429906542,0.375,0.0,107,0.0,17,0.08108108108108109
1110823277373607936,18,106,18,106,0.7777777777777778,1,0.10377358490566038,0.8207547169811321,0.660377358490566,0.8333333333333334,0.0,106,0.0,19,0.12643678160919541
1112624507687235584,16,94,16,94,1.8125,0,1.1063829787234043,1.6063829787234043,0.2127659574468085,0.25,0.0,94,0.0,18,0.6887417218543046
1107060108293357569,7,66,7,66,2.5714285714285716,0,0.3484848484848485,1.8333333333333333,1.1666666666666667,1.5714285714285714,0.0,66,0.0,8,0.19008264462809918
1104436146921189379,12,78,12,78,0.4166666666666667,0,0.41025641025641024,0.3333333333333333,0.6923076923076923,0.9166666666666666,0.0,78,0.0,14,1.2307692307692308
D2L_BYzVYAA3IJ0,16,139,16,139,1.375,0,0.41007194244604317,1.0935251798561152,0.5107913669064749,0.625,0.0,139,0.0,18,0.375
1106726653512814592,12,93,12,93,2.3333333333333335,0,0.053763440860215055,1.6881720430107527,0.3870967741935484,0.5833333333333334,0.0,93,0.0,12,0.03184713375796178
1106175207910330368,14,90,14,90,0.9285714285714286,0,0.7888888888888889,1.0222222222222221,0.5111111111111111,0.7142857142857143,0.0,90,0.0,15,0.7717391304347826
DZj623aV4AECjOz,13,114,13,114,0.7692307692307693,0,0.38596491228070173,0.543859649122807,0.5701754385964912,0.8461538461538461,0.0,114,0.0,16,0.7096774193548387
D2LYAH2X0AACICf,12,118,12,118,1.9166666666666667,0,0.23728813559322035,1.2881355932203389,0.5677966101694916,0.9166666666666666,0.0,118,0.0,15,0.18421052631578946
1105305581764657153,15,112,15,112,1.6,0,0.08928571428571429,1.3125,0.8482142857142857,0.9333333333333333,0.0,112,0.0,14,0.06802721088435375
1112477923141976065,23,124,23,124,1.0869565217391304,0,0.2903225806451613,1.2338709677419355,0.6290322580645161,0.6086956521739131,0.0,124,0.0,25,0.23529411764705882
1109508678103810049,13,98,13,98,2.3076923076923075,0,1.1428571428571428,1.6020408163265305,0.6938775510204082,0.9230769230769231,0.0,98,0.0,14,0.7133757961783439
1106957297199337472,13,92,13,92,2.3076923076923075,0,0.03260869565217391,1.7065217391304348,0.30434782608695654,0.46153846153846156,0.0,92,0.0,15,0.01910828025477707
D1IzVe0X0AAlptU,14,128,14,128,1.7857142857142858,0,0.453125,1.1875,0.5234375,0.7142857142857143,0.0,128,0.0,17,0.3815789473684211
1106365152297971712,19,135,19,135,0.5263157894736842,0,0.1925925925925926,0.45925925925925926,0.8148148148148148,1.0,0.0,135,0.0,18,0.41935483870967744
D2SVUFiX4AAZbAM,18,129,18,129,0.9444444444444444,0,0.34108527131782945,0.689922480620155,0.24806201550387597,0.4444444444444444,0.0,129,0.0,22,0.4943820224719101
D1z9kEBXgAAKvN2,16,120,16,120,1.0625,0,0.15,0.825,0.6,0.875,0.0,120,0.0,19,0.18181818181818182
1112635460495396866,15,95,15,95,1.3333333333333333,0,0.2,1.231578947368421,0.6947368421052632,0.7333333333333333,0.0,95,0.0,17,0.1623931623931624
1105544058234118144,9,77,9,77,1.6666666666666667,0,0.5714285714285714,1.2337662337662338,0.7012987012987013,0.8888888888888888,0.0,77,0.0,9,0.4631578947368421
1102577952913530881,11,78,11,78,0.45454545454545453,1,0.01282051282051282,0.2948717948717949,0.2948717948717949,0.45454545454545453,0.0,78,0.0,13,0.043478260869565216
D2G2dyFW0AAV3k0,14,116,14,116,2.0714285714285716,0,0.25,1.3362068965517242,0.5775862068965517,0.8571428571428571,0.0,116,0.0,18,0.1870967741935484
D2qQnOIXgAYZWq-,14,118,14,118,1.5,0,0.7542372881355932,1.0338983050847457,0.5932203389830508,0.8571428571428571,0.0,118,0.0,18,0.7295081967213115
1112082910323097602,12,102,12,102,2.0833333333333335,0,1.0392156862745099,1.5196078431372548,0.14705882352941177,0.25,0.0,102,0.0,13,0.6838709677419355
1111640406960136204,8,67,8,67,2.875,0,0.6567164179104478,2.3582089552238807,1.1492537313432836,1.5,0.0,67,0.0,8,0.27848101265822783
1109091856548356096,8,69,8,69,1.875,1,1.0144927536231885,1.3043478260869565,0.8695652173913043,1.125,0.0,69,0.0,8,0.7777777777777778
1107033065984008193,13,96,13,96,1.1538461538461537,0,0.0625,0.7708333333333334,0.2916666666666667,0.46153846153846156,0.0,96,0.0,14,0.08108108108108109
D18lkgWWsAAsTTd,16,130,16,130,1.5,0,0.18461538461538463,1.146153846153846,0.5230769230769231,0.6875,0.13846153846153847,112,0.13846153846153847,17,0.1610738255033557
1112667491178815488,10,71,10,71,2.0,0,0.2676056338028169,1.647887323943662,0.9295774647887324,1.1,0.0,71,0.0,11,0.1623931623931624
1106161820954320897,18,124,18,124,0.2222222222222222,0,0.1693548387096774,0.20161290322580644,0.5241935483870968,0.5555555555555556,0.0,124,0.0,18,0.84
1108427666816929792,1,24,1,24,-1.0,0,0.16666666666666666,-1.0,-1.0,-1.0,0.0,24,0.0,3,-1.0
D2Gi0MsW0AM2Mxo,13,128,13,128,1.3846153846153846,0,0.1640625,0.84375,0.625,0.8461538461538461,0.0,128,0.0,16,0.19444444444444445
1106580269287526401,17,135,17,135,1.3529411764705883,0,0.06666666666666667,1.1037037037037036,0.7185185185185186,0.7647058823529411,0.0,135,0.0,16,0.06040268456375839
1108224871442587648,12,106,12,106,0.5833333333333334,0,0.29245283018867924,0.5471698113207547,0.6226415094339622,0.75,0.0,106,0.0,12,0.5344827586206896
D2zsoP-XcAMx3RG,13,111,13,111,0.23076923076923078,0,0.14414414414414414,0.10810810810810811,0.5585585585585585,0.8461538461538461,0.0,111,0.0,16,1.3333333333333333
D17up8JXcAEQyCx,14,125,14,125,1.8571428571428572,0,0.128,1.232,0.608,0.8571428571428571,0.0,125,0.0,18,0.1038961038961039
D04EcAQWkAArj5A,17,132,17,132,1.411764705882353,0,0.6439393939393939,1.143939393939394,0.5075757575757576,0.7058823529411765,0.0,132,0.0,21,0.5629139072847682
1112079275723800577,11,85,11,85,2.090909090909091,1,1.011764705882353,1.8470588235294119,0.29411764705882354,0.36363636363636365,0.0,85,0.0,12,0.5477707006369427
1107038889632501760,17,118,17,118,1.7647058823529411,0,0.025423728813559324,1.3305084745762712,0.23728813559322035,0.35294117647058826,0.0,118,0.0,19,0.01910828025477707
1103641474481172480,16,122,16,122,0.0625,0,0.27049180327868855,0.02459016393442623,0.6557377049180327,0.8125,0.0,122,0.0,15,11.0
1111580005920731138,8,70,8,70,3.25,0,0.5857142857142857,2.2285714285714286,1.0,1.375,0.0,70,0.0,9,0.26282051282051283
D2qy2YhW0AADJ0P,15,122,15,122,0.26666666666666666,0,0.2459016393442623,0.1557377049180328,0.6311475409836066,0.8666666666666667,0.0,122,0.0,19,1.5789473684210527
1112098422876786695,10,83,10,83,0.7,1,0.18072289156626506,0.5542168674698795,0.7108433734939759,0.9,0.0,83,0.0,12,0.32608695652173914
D2AsdNZWkAAKNRd,11,102,11,102,2.3636363636363638,0,0.696078431372549,1.5490196078431373,0.5294117647058824,0.8181818181818182,0.0,102,0.0,13,0.44936708860759494
D1KI-ywX4AA9GoO,11,115,11,115,2.3636363636363638,0,0.21739130434782608,1.3478260869565217,0.5826086956521739,0.9090909090909091,0.0,115,0.0,15,0.16129032258064516
1104715373478379522,10,78,10,78,1.5,0,0.07692307692307693,0.9487179487179487,0.358974358974359,0.6,0.0,78,0.0,12,0.08108108108108109
D2GpQ3PX0AE6gjl,14,135,14,135,1.1428571428571428,0,0.08148148148148149,0.762962962962963,0.45185185185185184,0.6428571428571429,0.0,135,0.0,15,0.10679611650485436
1110630042403508231,9,71,9,71,0.5555555555555556,0,0.323943661971831,0.39436619718309857,1.1690140845070423,1.3333333333333333,0.0,71,0.0,10,0.8214285714285714
D2YTX-IX4AI4bSA,9,94,9,94,2.0,0,0.3829787234042553,1.074468085106383,0.26595744680851063,0.4444444444444444,0.0,94,0.0,11,0.3564356435643564
1109089896998862848,9,90,9,90,1.6666666666666667,1,0.8,1.0,0.6666666666666666,1.0,0.0,90,0.0,8,0.8
D3CvH3eX0AAKBWM,13,98,13,98,0.5384615384615384,0,0.7040816326530612,0.336734693877551,0.5102040816326531,0.8461538461538461,0.0,98,0.0,16,2.090909090909091
D2BuDQVWkAA-e5K,13,101,13,101,1.9230769230769231,0,0.32673267326732675,1.3366336633663367,0.5841584158415841,0.8461538461538461,0.0,101,0.0,17,0.24444444444444444
1105157032267653126,14,97,14,97,2.5,0,0.061855670103092786,1.5876288659793814,0.7525773195876289,0.9285714285714286,0.0,97,0.0,12,0.03896103896103896
1109779643253616641,14,109,14,109,0.6428571428571429,0,0.22018348623853212,0.44036697247706424,0.6880733944954128,0.7857142857142857,0.0,109,0.0,14,0.5
D266YRZX0AA14j-,16,127,16,127,1.25,0,0.09448818897637795,1.1338582677165354,0.6141732283464567,0.875,0.0,127,0.0,18,0.08333333333333333
1109905145066733568,10,73,10,73,1.5,1,1.4246575342465753,1.082191780821918,0.273972602739726,0.4,0.0,73,0.0,12,1.3164556962025316
1106166852403843072,13,98,13,98,0.23076923076923078,0,0.22448979591836735,0.15306122448979592,0.5816326530612245,0.7692307692307693,0.0,98,0.0,13,1.4666666666666666
1111240267477090304,15,97,15,97,1.9333333333333333,0,0.4020618556701031,1.597938144329897,0.7010309278350515,0.6666666666666666,0.0,97,0.0,17,0.25161290322580643
D13jkztXcAAw7tl,16,124,16,124,0.5,0,0.14516129032258066,0.33064516129032256,0.6129032258064516,0.875,0.0,124,0.0,18,0.43902439024390244
D2bheBiWwAAa_kV,8,79,8,79,1.0,0,1.240506329113924,0.6582278481012658,0.7215189873417721,1.125,0.0,79,0.0,11,1.8846153846153846
1108427638132097025,1,24,1,24,-1.0,0,0.16666666666666666,-1.0,-1.0,-1.0,0.0,24,0.0,3,-1.0
1104502118981918720,8,74,8,74,2.625,0,0.24324324324324326,2.054054054054054,0.6756756756756757,0.875,0.0,74,0.0,10,0.11842105263157894
1102389876706693120,10,78,10,78,1.5,0,0.07692307692307693,0.9487179487179487,0.358974358974359,0.6,0.0,78,0.0,12,0.08108108108108109
1103286738649264128,11,81,11,81,1.9090909090909092,0,0.4691358024691358,1.7654320987654322,0.7037037037037037,0.9090909090909091,0.0,81,0.0,13,0.26573426573426573
D2mFXY_WoAA92pz,15,122,15,122,1.0666666666666667,0,0.22950819672131148,0.8360655737704918,0.5327868852459017,0.8,0.0,122,0.0,17,0.27450980392156865
1109512105672261636,6,57,6,57,0.8333333333333334,1,1.8070175438596492,1.1403508771929824,0.38596491228070173,0.6666666666666666,0.0,57,0.0,7,1.5846153846153845
D224lMKX4AQqylZ,18,126,18,126,1.6111111111111112,0,0.15873015873015872,1.2063492063492063,0.6190476190476191,0.8888888888888888,0.0,126,0.0,22,0.13157894736842105
1109964360007319554,10,87,10,87,3.0,0,0.47126436781609193,1.7701149425287357,0.6551724137931034,0.9,0.0,87,0.0,11,0.2662337662337662
xfSmBvHiQJ2kJz6b,10,92,10,92,2.1,0,0.06521739130434782,1.3043478260869565,0.45652173913043476,0.6,0.0,92,0.0,12,0.05
D2YKWNTXQAEFi1d,15,117,15,117,1.5333333333333334,0,0.6324786324786325,1.1794871794871795,0.5641025641025641,0.8,0.0,117,0.0,19,0.5362318840579711
1108027851670982656,14,127,14,127,1.3571428571428572,2,0.1732283464566929,0.7874015748031497,0.5196850393700787,0.7142857142857143,0.0,127,0.0,15,0.22
1104773956098240513,12,79,12,79,2.4166666666666665,0,0.2911392405063291,1.9240506329113924,0.6835443037974683,0.9166666666666666,0.0,79,0.0,13,0.1513157894736842
1108427713940017157,1,24,1,24,-1.0,0,0.16666666666666666,-1.0,-1.0,-1.0,0.0,24,0.0,3,-1.0
D1JeZcQWkAAmCnS,11,115,11,115,2.3636363636363638,0,0.21739130434782608,1.3478260869565217,0.5826086956521739,0.9090909090909091,0.0,115,0.0,15,0.16129032258064516
D2Xqa1HW0AA8b1j,16,129,16,129,1.125,0,0.7829457364341085,0.8062015503875969,0.5891472868217055,0.6875,0.0,129,0.0,20,0.9711538461538461
1102836156885073920,9,66,9,66,3.111111111111111,1,0.803030303030303,2.3333333333333335,0.7727272727272727,1.1111111111111112,0.0,66,0.0,11,0.34415584415584416
1109608142898429953,11,75,11,75,0.45454545454545453,0,0.6133333333333333,0.37333333333333335,0.7333333333333333,0.9090909090909091,0.0,75,0.0,12,1.6428571428571428
1109205627232870400,18,129,18,129,0.5,0,0.8062015503875969,0.6356589147286822,0.20155038759689922,0.2222222222222222,0.0,129,0.0,19,1.2682926829268293
D2SPaIIXgAAASP0,13,123,13,123,1.6923076923076923,1,0.21951219512195122,1.1788617886178863,0.6097560975609756,0.8461538461538461,0.13821138211382114,106,0.13821138211382114,14,0.18620689655172415
1109812861671399426,11,77,11,77,2.3636363636363638,0,0.935064935064935,2.012987012987013,0.8441558441558441,1.0,0.0,77,0.0,9,0.4645161290322581
D2cawLDXcAEow95,13,114,13,114,1.8461538461538463,0,0.03508771929824561,1.3859649122807018,0.2807017543859649,0.07692307692307693,0.0,114,0.0,16,0.02531645569620253
1108121735314976770,13,108,13,108,1.4615384615384615,0,0.5,1.3148148148148149,0.6481481481481481,0.8461538461538461,0.0,108,0.0,15,0.38028169014084506
1105146382770421761,11,78,11,78,1.5454545454545454,0,0.6153846153846154,1.5256410256410255,0.6923076923076923,0.9090909090909091,0.0,78,0.0,11,0.40336134453781514
1108562385290362880,9,74,9,74,3.0,0,0.14864864864864866,2.1216216216216215,-1.0,-1.0,0.0,74,0.0,11,0.07006369426751592
1109238821034565632,8,68,8,68,2.875,0,1.5294117647058822,2.2058823529411766,0.39705882352941174,0.5,0.0,68,0.0,8,0.6933333333333334
1109820411624062977,13,107,13,107,2.230769230769231,0,0.35514018691588783,1.4766355140186915,0.7663551401869159,1.0769230769230769,0.0,107,0.0,17,0.24050632911392406
D131bBkWkAEqkRI,15,116,15,116,1.7333333333333334,0,0.33620689655172414,1.293103448275862,0.7672413793103449,1.1333333333333333,0.0,116,0.0,17,0.26
D2R8OZlWwAEm02b,12,101,12,101,0.4166666666666667,0,0.6732673267326733,0.297029702970297,0.504950495049505,0.8333333333333334,0.0,101,0.0,15,2.2666666666666666
1108767246334287872,11,78,11,78,1.8181818181818181,0,1.064102564102564,1.4102564102564104,0.5128205128205128,0.8181818181818182,0.0,78,0.0,13,0.7545454545454545
D2IzmLLX4AEYjm4,7,90,7,90,3.5714285714285716,0,0.45555555555555555,1.7444444444444445,0.45555555555555555,0.7142857142857143,0.0,90,0.0,9,0.2611464968152866
1106262872689135616,16,123,16,123,1.625,0,0.18699186991869918,1.2439024390243902,1.016260162601626,1.1875,0.0,123,0.0,13,0.1503267973856209
1109186214475767814,11,84,11,84,2.6363636363636362,2,1.1785714285714286,1.869047619047619,0.2857142857142857,0.36363636363636365,0.0,84,0.0,11,0.6305732484076433
D15O3rxXgAAH-6b,10,104,10,104,1.8,1,0.4230769230769231,0.9807692307692307,0.4326923076923077,0.8,0.0,104,0.0,15,0.43137254901960786
1109873763108024321,14,90,14,90,1.8571428571428572,0,0.8,1.7222222222222223,0.7222222222222222,0.7857142857142857,0.0,90,0.0,16,0.4645161290322581
D2Mwk-9WkAAY2P-,10,100,10,100,1.2,0,0.3,0.77,0.51,0.8,0.0,100,0.0,14,0.38961038961038963
1108818634024108033,10,79,10,79,1.8,0,1.3291139240506329,1.4303797468354431,0.3924050632911392,0.5,0.0,79,0.0,8,0.9292035398230089
1107783672265084929,16,124,16,124,1.25,0,0.6935483870967742,0.9032258064516129,0.4838709677419355,0.625,0.0,124,0.0,19,0.7678571428571429
1107539366711382017,8,69,8,69,1.875,0,1.0579710144927537,1.4927536231884058,0.6521739130434783,0.875,0.0,69,0.0,8,0.7087378640776699
1105674630319222784,1,23,1,23,6.0,0,0.17391304347826086,1.2608695652173914,2.391304347826087,10.0,0.0,23,0.0,3,0.13793103448275862
D2Oeq8hW0AA-IwC,11,115,11,115,6.0,0,-1.0,3.5478260869565217,0.7304347826086957,1.1818181818181819,0.0,115,0.0,16,-1.0
1109345281278164993,7,55,7,55,3.857142857142857,1,0.7818181818181819,2.8363636363636364,1.4363636363636363,2.142857142857143,0.0,55,0.0,9,0.27564102564102566
1108641039483494401,7,75,7,75,1.2857142857142858,2,1.4133333333333333,1.16,0.3466666666666667,0.5714285714285714,0.0,75,0.0,7,1.2183908045977012
D2QywboWoAA4Bql,9,100,9,100,1.4444444444444444,0,0.69,0.68,0.5,0.6666666666666666,0.0,100,0.0,14,1.0147058823529411
1109428328832876544,6,46,6,46,4.0,0,0.8260869565217391,3.3043478260869565,1.7608695652173914,2.1666666666666665,0.0,46,0.0,8,0.25
D2BbuG7X4AE53Z_,12,93,12,93,1.8333333333333333,0,0.34408602150537637,1.1720430107526882,0.4838709677419355,0.8333333333333334,0.0,93,0.0,16,0.29357798165137616
D2HAuInWsAAcTTr,10,111,10,111,1.1,0,0.21621621621621623,0.5945945945945946,0.5675675675675675,0.8,0.0,111,0.0,15,0.36363636363636365
1108738438570934273,17,138,17,138,1.0588235294117647,0,0.7898550724637681,1.144927536231884,0.3115942028985507,0.23529411764705882,0.0,138,0.0,21,0.689873417721519
D1-emwZWoAAJGq5,13,107,13,107,1.9230769230769231,0,0.48598130841121495,1.4299065420560748,0.5514018691588785,0.8461538461538461,0.0,107,0.0,18,0.33986928104575165
1109367930213429249,7,66,7,66,4.142857142857143,0,0.25757575757575757,2.3484848484848486,1.196969696969697,2.0,0.0,66,0.0,8,0.10967741935483871
D1a-be8WoAAZlcE,14,115,14,115,1.2142857142857142,0,0.7391304347826086,1.008695652173913,0.5826086956521739,0.8571428571428571,0.0,115,0.0,17,0.7327586206896551
D3AA3k4W0AM_tak,18,128,18,128,0.7222222222222222,0,0.234375,0.625,0.59375,0.8333333333333334,0.0,128,0.0,20,0.375
1108064166374502401,15,107,15,107,1.5333333333333334,2,0.9719626168224299,1.3925233644859814,0.19626168224299065,0.26666666666666666,0.0,107,0.0,17,0.697986577181208
D2VqEwfWsAAxJjo,11,94,11,94,1.2727272727272727,0,0.5319148936170213,0.8297872340425532,0.5,0.8181818181818182,0.0,94,0.0,15,0.6410256410256411
1108862097075523585,11,78,11,78,2.272727272727273,1,0.46153846153846156,1.935897435897436,0.9615384615384616,1.1818181818181819,0.0,78,0.0,11,0.23841059602649006
D2fepTbX4AQFgAc,13,131,13,131,1.1538461538461537,0,0.1297709923664122,0.6412213740458015,0.44274809160305345,0.5384615384615384,0.0,131,0.0,15,0.20238095238095238
1108295140429434880,16,123,16,123,1.25,0,0.45528455284552843,1.146341463414634,0.5284552845528455,0.625,0.0,123,0.0,15,0.3971631205673759
1107642940703338501,16,122,16,122,1.375,0,0.7377049180327869,1.139344262295082,0.6065573770491803,0.875,0.0,122,0.0,16,0.6474820143884892
1108415625314086912,2,32,2,32,12.5,0,3.15625,4.625,0.8125,2.5,0.0,32,0.0,4,0.6824324324324325
D2Oz0JjUkAARdno,15,122,15,122,-1.0,0,0.00819672131147541,-1.0,0.14754098360655737,0.2,0.0,122,0.0,15,-1.0
1108334873494937605,9,67,9,67,3.5555555555555554,0,0.6119402985074627,2.298507462686567,1.1194029850746268,1.3333333333333333,0.0,67,0.0,11,0.2662337662337662
D3FUc8pVAAELeCs,13,109,13,109,2.076923076923077,0,0.8899082568807339,1.4403669724770642,0.5596330275229358,0.8461538461538461,0.0,109,0.0,18,0.6178343949044586
D19oZNDX0AARc1Z,16,119,16,119,0.1875,0,0.11764705882352941,0.13445378151260504,0.5630252100840336,0.875,0.0,119,0.0,18,0.875
1108127623652085760,23,136,23,136,0.4782608695652174,0,0.6397058823529411,0.8823529411764706,0.17647058823529413,0.13043478260869565,0.0,136,0.0,24,0.725
1111996425322270720,6,57,6,57,3.1666666666666665,0,0.22807017543859648,1.7894736842105263,0.9473684210526315,1.5,0.0,57,0.0,7,0.12745098039215685
D2L15KPX4AETQDL,11,101,11,101,2.8181818181818183,0,0.5643564356435643,1.5148514851485149,0.5544554455445545,0.9090909090909091,0.0,101,0.0,15,0.37254901960784315
1107895729983578113,10,77,10,77,2.7,0,0.44155844155844154,1.9610389610389611,1.0129870129870129,1.2,0.0,77,0.0,12,0.2251655629139073
D2qc_NUX4AAECHp,10,93,10,93,2.2,0,0.3548387096774194,1.6559139784946237,0.6666666666666666,1.0,0.0,93,0.0,13,0.21428571428571427
D2MR3OPXcAUMOPa,17,131,17,131,0.29411764705882354,1,0.4580152671755725,0.22137404580152673,0.6335877862595419,0.8823529411764706,0.0,131,0.0,21,2.0689655172413794
D1cFQcBWkAE2_5N,14,108,14,108,0.42857142857142855,0,0.12962962962962962,0.26851851851851855,0.5185185185185185,0.7857142857142857,0.0,108,0.0,18,0.4827586206896552
1108307064001085441,23,132,23,132,1.1304347826086956,2,0.7575757575757576,1.1742424242424243,0.23484848484848486,0.21739130434782608,0.0,132,0.0,25,0.6451612903225806
1107737184767885313,16,122,16,122,1.5,1,0.32786885245901637,1.2950819672131149,0.6147540983606558,0.8125,0.0,122,0.0,17,0.25316455696202533
1107778302230622209,17,119,17,119,1.411764705882353,0,0.4957983193277311,1.3277310924369747,0.680672268907563,0.7647058823529411,0.0,119,0.0,18,0.37341772151898733
1111996912205471745,8,68,8,68,2.0,0,0.5882352941176471,1.4852941176470589,0.9852941176470589,1.625,0.0,68,0.0,9,0.39603960396039606
1108120237373833216,24,135,24,135,0.5,1,0.6296296296296297,0.4444444444444444,0.1259259259259259,0.125,0.0,135,0.0,22,1.4166666666666667
D2J5YgHW0AAZjAi,15,115,15,115,1.7333333333333334,0,0.3217391304347826,1.2347826086956522,0.7217391304347827,1.0666666666666667,0.0,115,0.0,18,0.2605633802816901
1108202769171836928,18,111,18,111,1.5,1,0.0990990990990991,1.4144144144144144,-1.0,-1.0,0.0,111,0.0,18,0.07006369426751592
1108012791254925312,17,120,17,120,1.5294117647058822,0,0.2916666666666667,1.2916666666666667,0.45,0.4117647058823529,0.0,120,0.0,16,0.22580645161290322
1108749843344904192,14,93,14,93,1.6428571428571428,0,1.1290322580645162,1.2903225806451613,0.25806451612903225,0.21428571428571427,0.0,93,0.0,14,0.875
D2EwOOEUwAAYPK0,16,132,16,132,1.125,0,0.030303030303030304,1.0,0.11363636363636363,0.0625,0.0,132,0.0,18,0.030303030303030304
1112098673524015104,12,80,12,80,1.1666666666666667,0,1.2375,0.825,0.8,0.75,0.0,80,0.0,14,1.5
1105580737720434689,12,85,12,85,0.8333333333333334,0,0.3176470588235294,0.5294117647058824,0.5176470588235295,0.75,0.0,85,0.0,11,0.6
1108078888763228166,7,50,7,50,1.8571428571428572,0,2.0,1.78,0.28,0.42857142857142855,0.0,50,0.0,9,1.1235955056179776
1108614218859708417,11,93,11,93,2.3636363636363638,0,0.6344086021505376,1.6989247311827957,0.6021505376344086,0.8181818181818182,0.0,93,0.0,11,0.37341772151898733
D2gflvdWsAE7zkV,17,131,17,131,1.5294117647058822,0,0.4198473282442748,1.2061068702290076,0.6259541984732825,0.8823529411764706,0.0,131,0.0,19,0.34810126582278483
1112098674069458944,6,56,6,56,3.1666666666666665,0,0.6071428571428571,1.7321428571428572,1.0178571428571428,1.5,0.0,56,0.0,6,0.35051546391752575
1108375349577027586,13,76,13,76,2.076923076923077,0,1.118421052631579,1.9342105263157894,0.4473684210526316,0.3076923076923077,0.0,76,0.0,13,0.5782312925170068
D1ZQrWaX4AEzaXC,13,114,13,114,1.6153846153846154,0,0.3157894736842105,1.2456140350877194,0.5701754385964912,0.8461538461538461,0.0,114,0.0,16,0.2535211267605634
1107854457856016385,19,126,19,126,1.263157894736842,0,0.4365079365079365,1.1031746031746033,0.6746031746031746,0.6842105263157895,0.0,126,0.0,20,0.39568345323741005
1111969271758970880,8,66,8,66,1.0,0,1.0757575757575757,0.7878787878787878,1.0606060606060606,1.375,0.0,66,0.0,10,1.3653846153846154
1107778729529487361,13,83,13,83,1.5384615384615385,0,1.2650602409638554,1.7951807228915662,0.1927710843373494,0.23076923076923078,0.0,83,0.0,15,0.7046979865771812
D1V36m-WkAAUndM,13,108,13,108,0.6923076923076923,0,0.009259259259259259,0.48148148148148145,0.23148148148148148,0.3076923076923077,0.0,108,0.0,18,0.019230769230769232
1107678570502148096,9,75,9,75,1.4444444444444444,0,0.5066666666666667,1.1866666666666668,0.6666666666666666,0.8888888888888888,0.0,75,0.0,12,0.42696629213483145
1111640406742044672,2,33,2,33,10.5,0,0.6363636363636364,4.0,1.9696969696969697,5.5,0.0,33,0.0,4,0.1590909090909091
1107747566031175681,18,116,18,116,0.8888888888888888,0,0.9655172413793104,0.9741379310344828,0.2413793103448276,0.2222222222222222,0.0,116,0.0,20,0.9911504424778761
D1qEa_8WsAAD1vp,13,132,13,132,1.4615384615384615,0,0.09848484848484848,1.121212121212121,0.7121212121212122,0.9230769230769231,0.0,132,0.0,15,0.08783783783783784
1107990542787461121,17,104,17,104,1.4705882352941178,0,0.9903846153846154,1.4711538461538463,0.25,0.23529411764705882,0.0,104,0.0,19,0.673202614379085
D2E6cf7U4AAfOff,12,98,12,98,1.1666666666666667,1,0.20408163265306123,0.7040816326530612,0.5714285714285714,0.9166666666666666,0.0,98,0.0,15,0.2898550724637681
1109722768168239104,17,111,17,111,1.2941176470588236,0,0.3153153153153153,1.3333333333333333,0.6126126126126126,0.7647058823529411,0.0,111,0.0,18,0.23648648648648649
1104363614574653441,8,66,8,66,2.5,0,0.12121212121212122,1.7727272727272727,0.8636363636363636,1.125,0.0,66,0.0,10,0.06837606837606838
1111645846662250496,4,43,4,43,5.5,0,0.6511627906976745,2.883720930232558,1.6046511627906976,3.0,0.0,43,0.0,6,0.22580645161290322
1108088798515265536,10,75,10,75,1.6,2,1.1333333333333333,1.5866666666666667,0.41333333333333333,0.6,0.0,75,0.0,10,0.7142857142857143
1111580761122066432,10,80,10,80,2.1,0,0.2625,1.65,0.8125,1.1,0.0,80,0.0,11,0.1590909090909091
D2CqvTcW0AEx4bP,14,121,14,121,1.2142857142857142,0,0.14049586776859505,0.8264462809917356,0.7355371900826446,1.1428571428571428,0.01652892561983471,119,0.01652892561983471,18,0.17
1104037531555893250,14,99,14,99,1.2857142857142858,0,0.26262626262626265,0.9595959595959596,0.6565656565656566,0.7857142857142857,0.0,99,0.0,13,0.2736842105263158
1107752571836485638,4,51,4,51,5.0,0,2.0588235294117645,2.176470588235294,0.7843137254901961,1.75,0.0,51,0.0,5,0.9459459459459459
1111586801217609729,5,44,5,44,4.2,1,0.4772727272727273,3.0,1.4772727272727273,2.2,0.0,44,0.0,7,0.1590909090909091
D1TXiCeX4AETsDb,12,99,12,99,1.9166666666666667,0,0.5555555555555556,1.5151515151515151,0.5151515151515151,0.8333333333333334,0.0,99,0.0,14,0.36666666666666664
1107686448730394624,10,67,10,67,1.8,1,1.537313432835821,1.9402985074626866,0.26865671641791045,0.3,0.0,67,0.0,12,0.7923076923076923
D1FEZ0xX0AIVagY,12,108,12,108,1.25,0,0.2222222222222222,1.037037037037037,0.5555555555555556,0.8333333333333334,0.0,108,0.0,16,0.21428571428571427
1111577472561303554,5,48,5,48,4.2,0,0.4375,2.75,1.3541666666666667,2.2,0.0,48,0.0,7,0.1590909090909091
1108449650091192322,13,98,13,98,2.076923076923077,0,0.11224489795918367,1.6020408163265305,-1.0,-1.0,0.0,98,0.0,13,0.07006369426751592
1106175719015677955,5,47,5,47,4.6,0,2.127659574468085,3.0,0.3617021276595745,0.6,0.0,47,0.0,7,0.7092198581560284
1103489428260118534,2,32,2,32,9.0,0,0.96875,3.65625,1.6875,4.5,0.0,32,0.0,4,0.26495726495726496
1111368110270021633,7,62,7,62,2.4285714285714284,0,0.1935483870967742,1.8064516129032258,0.9193548387096774,1.4285714285714286,0.0,62,0.0,9,0.10714285714285714
D1x0tNBX0AUxVpC,9,101,9,101,2.111111111111111,0,0.16831683168316833,1.1386138613861385,0.504950495049505,0.7777777777777778,0.009900990099009901,100,0.009900990099009901,12,0.14782608695652175
1102675445701664777,9,67,9,67,2.6666666666666665,0,1.3134328358208955,2.328358208955224,0.6119402985074627,0.8888888888888888,0.0,67,0.0,10,0.5641025641025641
1111363579779809280,6,44,6,44,2.8333333333333335,0,0.2727272727272727,2.5454545454545454,1.2954545454545454,1.6666666666666667,0.0,44,0.0,8,0.10714285714285714
1107032888367697920,11,94,11,94,2.090909090909091,1,1.851063829787234,1.6808510638297873,0.8617021276595744,1.0909090909090908,0.0,94,0.0,11,1.1012658227848102
1111373143149432832,3,42,3,42,5.666666666666667,0,0.2857142857142857,2.6666666666666665,1.3571428571428572,3.3333333333333335,0.0,42,0.0,5,0.10714285714285714
D1of-T6WkAIt6cf,14,112,14,112,0.21428571428571427,0,0.17857142857142858,0.17857142857142858,0.5714285714285714,0.8571428571428571,0.0,112,0.0,17,1.0
1106626731195006977,20,132,20,132,0.75,1,0.7803030303030303,0.8863636363636364,0.18181818181818182,0.15,0.0,132,0.0,21,0.8803418803418803
1106839704215781377,10,75,10,75,-1.0,0,0.10666666666666667,-1.0,-1.0,-1.0,0.0,75,0.0,11,-1.0
1107164581938556928,9,85,9,85,0.6666666666666666,0,0.21176470588235294,0.5176470588235295,0.8117647058823529,1.1111111111111112,0.0,85,0.0,11,0.4090909090909091
1111320319225143296,10,84,10,84,1.7,0,0.14285714285714285,1.3333333333333333,0.6785714285714286,1.0,0.0,84,0.0,11,0.10714285714285714
1106684592336056326,18,108,18,108,1.2222222222222223,1,0.9722222222222222,1.3981481481481481,0.2222222222222222,0.2222222222222222,0.0,108,0.0,20,0.695364238410596
1103163988613963776,1,23,1,23,27.0,0,0.4782608695652174,6.478260869565218,2.652173913043478,10.0,0.0,23,0.0,3,0.0738255033557047
D1osM80X4AEacCX,17,131,17,131,1.6470588235294117,0,0.03816793893129771,1.1984732824427482,0.2748091603053435,0.4117647058823529,0.11450381679389313,116,0.11450381679389313,21,0.03184713375796178
1106840464357941249,2,28,2,28,13.5,0,3.5357142857142856,5.535714285714286,1.3928571428571428,3.0,0.0,28,0.0,3,0.6387096774193548
D1s_s0uWwAAM4IG,9,101,9,101,2.111111111111111,0,0.16831683168316833,1.1386138613861385,0.504950495049505,0.7777777777777778,0.009900990099009901,100,0.009900990099009901,12,0.14782608695652175
1111313249197326337,6,50,6,50,3.1666666666666665,0,0.88,1.98,1.28,1.5,0.0,50,0.0,7,0.4444444444444444
1110848371709919233,12,82,12,82,2.3333333333333335,0,0.5121951219512195,1.9146341463414633,1.0121951219512195,1.0,0.0,82,0.0,13,0.267515923566879
1106666858332057600,10,73,10,73,2.3,0,1.178082191780822,2.095890410958904,0.3287671232876712,0.4,0.0,73,0.0,11,0.5620915032679739
1106087735175962624,7,70,7,70,3.2857142857142856,0,1.9428571428571428,2.2,0.8142857142857143,1.1428571428571428,0.0,70,0.0,9,0.8831168831168831
1111318785368252420,6,51,6,51,3.0,0,0.39215686274509803,1.9215686274509804,1.2156862745098038,1.8333333333333333,0.0,51,0.0,7,0.20408163265306123
1110530591202533376,9,68,9,68,2.6666666666666665,0,0.4852941176470588,2.323529411764706,1.0441176470588236,1.3333333333333333,0.0,68,0.0,10,0.2088607594936709
1103163972612694017,1,23,1,23,27.0,0,0.4782608695652174,6.478260869565218,2.652173913043478,10.0,0.0,23,0.0,3,0.0738255033557047
1106379867942256644,11,66,11,66,2.0,0,1.6515151515151516,1.9393939393939394,0.3939393939393939,0.36363636363636365,0.0,66,0.0,12,0.8515625
1111251808016625664,5,45,5,45,3.8,0,0.37777777777777777,2.422222222222222,1.4666666666666666,2.2,0.0,45,0.0,7,0.1559633027522936
1110190852708536321,6,62,6,62,4.166666666666667,0,0.5967741935483871,2.4838709677419355,1.3225806451612903,2.1666666666666665,0.0,62,0.0,6,0.24025974025974026
D1zOJtQWsAIhmDw,9,102,9,102,2.3333333333333335,0,0.7352941176470589,1.3823529411764706,0.5294117647058824,0.7777777777777778,0.0,102,0.0,12,0.5319148936170213
1112172662388916224,1,23,1,23,29.0,0,1.0434782608695652,6.695652173913044,5.608695652173913,25.0,0.0,23,0.0,3,0.15584415584415584
1106342656160878592,9,88,9,88,1.5555555555555556,0,1.1704545454545454,1.0113636363636365,0.20454545454545456,0.3333333333333333,0.0,88,0.0,12,1.1573033707865168
1110138004184559617,8,73,8,73,3.875,0,0.4520547945205479,2.1232876712328768,1.0410958904109588,1.625,0.0,73,0.0,8,0.2129032258064516
D1Nr0WaX4AAW_0S,11,99,11,99,0.8181818181818182,0,0.6464646464646465,0.494949494949495,0.5151515151515151,0.8181818181818182,0.0,99,0.0,13,1.3061224489795917
1110576840807198723,17,104,17,104,0.9411764705882353,0,0.3269230769230769,0.9903846153846154,0.7307692307692307,0.8235294117647058,0.0,104,0.0,19,0.3300970873786408
1105455565030019073,18,110,18,110,1.5,1,0.1,1.4272727272727272,-1.0,-1.0,0.0,110,0.0,18,0.07006369426751592
D2hxbB_XgAEvOwl,14,114,14,114,1.8571428571428572,0,0.7368421052631579,1.2543859649122806,0.543859649122807,0.8571428571428571,0.0,114,0.0,18,0.5874125874125874
1110545690667581440,13,90,13,90,0.6153846153846154,0,0.16666666666666666,0.5222222222222223,0.7111111111111111,0.8461538461538461,0.0,90,0.0,15,0.3191489361702128
D2vaM6NX0AAAuNH,10,102,10,102,1.8,0,0.8333333333333334,0.9607843137254902,0.5294117647058824,0.9,0.0,102,0.0,10,0.8673469387755102
1110534367691059204,5,46,5,46,2.6,0,0.391304347826087,1.6304347826086956,1.4565217391304348,2.4,0.0,46,0.0,7,0.24
D1Vf_zjXgAAxlqP,14,119,14,119,1.7857142857142858,0,0.6218487394957983,1.3277310924369747,0.5462184873949579,0.7857142857142857,0.0,119,0.0,15,0.46835443037974683
1110541937856131072,17,138,17,138,1.1764705882352942,1,0.6739130434782609,0.9130434782608695,0.463768115942029,0.7647058823529411,0.0,138,0.0,17,0.7380952380952381
1110514485083537408,4,44,4,44,3.75,0,0.29545454545454547,2.1818181818181817,1.4772727272727273,3.0,0.0,44,0.0,6,0.13541666666666666
D2wP-4YX4AEziv0,10,103,10,103,2.5,0,0.5631067961165048,1.4757281553398058,0.5339805825242718,0.8,0.0,103,0.0,13,0.3815789473684211
D2lG4FqWoAMCAc8,14,116,14,116,1.8571428571428572,0,0.75,1.25,0.5862068965517241,0.8571428571428571,0.0,116,0.0,14,0.6
1110557519087190016,1,25,1,25,15.0,0,0.52,3.84,2.6,12.0,0.0,25,0.0,3,0.13541666666666666
D067qWiV4AAVOF2,11,116,11,116,0.36363636363636365,0,0.31896551724137934,0.21551724137931033,0.6206896551724138,1.0,0.0,116,0.0,13,1.48
1110542419399852033,3,43,3,43,5.0,0,0.3023255813953488,2.2325581395348837,1.5116279069767442,4.0,0.0,43,0.0,3,0.13541666666666666
D07FIeJWsAIFfn2,13,113,13,113,0.8461538461538461,0,0.39823008849557523,0.6548672566371682,0.5663716814159292,0.8461538461538461,0.0,113,0.0,17,0.6081081081081081
D2lBEduX4AAyAu4,5,66,5,66,5.2,0,0.3787878787878788,2.3484848484848486,1.5606060606060606,3.4,0.0,66,0.0,8,0.16129032258064516
1110500392427646977,22,139,22,139,0.7272727272727273,0,0.2446043165467626,0.7410071942446043,0.5467625899280576,0.6363636363636364,0.0,139,0.0,24,0.3300970873786408
D2rIGyYWsAMCtCi,15,112,15,112,0.8666666666666667,0,0.9553571428571429,0.5535714285714286,0.5714285714285714,0.8666666666666667,0.0,112,0.0,17,1.7258064516129032
1102827811918753799,12,97,12,97,2.0,0,0.7835051546391752,1.5360824742268042,0.7525773195876289,0.9166666666666666,0.0,97,0.0,13,0.5100671140939598
1110496618053283840,13,96,13,96,1.2307692307692308,0,0.3541666666666667,1.0729166666666667,0.7916666666666666,1.0769230769230769,0.0,96,0.0,13,0.3300970873786408
1110339357305655297,10,80,10,80,2.8,0,1.15,1.9625,0.7,0.9,0.0,80,0.0,12,0.5859872611464968
1107711276900368386,11,100,11,100,2.4545454545454546,0,0.11,1.57,-1.0,-1.0,0.0,100,0.0,14,0.07006369426751592
D01dA6aU0AA4qhx,10,100,10,100,2.5,0,0.66,1.51,0.51,0.8,0.0,100,0.0,14,0.4370860927152318
D2ipSlCWkAAlH4y,9,90,9,90,3.4444444444444446,3,0.37777777777777777,1.7222222222222223,0.4666666666666667,0.7777777777777778,0.0,90,0.0,13,0.21935483870967742
D1GiCRYWkAUb_FW,14,107,14,107,1.4285714285714286,0,0.1588785046728972,1.0467289719626167,0.7383177570093458,1.0,0.0,107,0.0,17,0.15178571428571427
1110110673512644608,9,75,9,75,-1.0,0,0.29333333333333333,-1.0,5.733333333333333,0.6666666666666666,0.0,75,0.0,9,-1.0
1103652771910348805,6,65,6,65,3.8333333333333335,0,0.15384615384615385,2.3076923076923075,0.676923076923077,1.3333333333333333,0.0,65,0.0,6,0.06666666666666667
1103646936014430208,5,61,5,61,4.6,0,0.16393442622950818,2.459016393442623,0.6557377049180327,1.4,0.0,61,0.0,5,0.06666666666666667
1098334717382979584,16,112,16,112,1.625,0,0.49107142857142855,1.1875,0.5803571428571429,0.75,0.0,112,0.0,17,0.41353383458646614
D020KlBWwAA2pXU,12,107,12,107,2.0,0,0.19626168224299065,1.3925233644859814,0.5420560747663551,0.8333333333333334,0.0,107,0.0,16,0.14093959731543623
1107671233758445568,9,69,9,69,3.0,1,0.15942028985507245,2.2753623188405796,-1.0,-1.0,0.0,69,0.0,9,0.07006369426751592
D0z8_ywWkAAmWU6,11,105,11,105,2.272727272727273,0,0.45714285714285713,1.4857142857142858,0.5333333333333333,0.8181818181818182,0.0,105,0.0,15,0.3076923076923077
D1zgv6vWkAI04N-,11,118,11,118,2.1818181818181817,0,0.2711864406779661,1.3135593220338984,0.7288135593220338,1.0909090909090908,0.0,118,0.0,14,0.2064516129032258
D1pZGdHWwAAXFk1,16,116,16,116,0.9375,0,0.4224137931034483,0.8275862068965517,0.5862068965517241,0.875,0.0,116,0.0,18,0.5104166666666666
1106186951395287041,16,123,16,123,1.8125,0,0.2032520325203252,1.2764227642276422,0.5121951219512195,0.6875,0.0,123,0.0,13,0.1592356687898089
D1o6exQWkAAmDZL,2,49,2,49,13.0,0,0.6326530612244898,2.7551020408163267,1.2653061224489797,6.5,0.6122448979591837,19,0.6122448979591837,6,0.22962962962962963
1106457666602389504,15,102,15,102,1.0,0,0.6274509803921569,0.8627450980392157,0.7647058823529411,0.9333333333333333,0.0,102,0.0,15,0.7272727272727273
1106219698633523200,12,92,12,92,1.9166666666666667,0,1.315217391304348,1.6195652173913044,0.7391304347826086,0.9166666666666666,0.0,92,0.0,13,0.8120805369127517
1113087980061765632,9,86,9,86,2.7777777777777777,0,0.7093023255813954,1.813953488372093,0.686046511627907,1.1111111111111112,0.0,86,0.0,10,0.391025641025641
1111575348561567749,10,70,10,70,1.6,1,1.457142857142857,1.2285714285714286,0.2571428571428571,0.3,0.0,70,0.0,12,1.186046511627907
1111373295100653570,9,66,9,66,1.8888888888888888,0,1.621212121212121,1.5,0.3484848484848485,0.4444444444444444,0.0,66,0.0,8,1.0808080808080809
1111699012942360576,6,56,6,56,1.5,0,1.8571428571428572,1.2857142857142858,0.3392857142857143,0.6666666666666666,0.0,56,0.0,8,1.4444444444444444
1111266667307458560,18,135,18,135,1.3333333333333333,0,0.6592592592592592,1.162962962962963,0.15555555555555556,0.2222222222222222,0.0,135,0.0,20,0.5668789808917197
1111265488489848833,14,99,14,99,1.0714285714285714,1,0.010101010101010102,0.7777777777777778,0.1111111111111111,0.21428571428571427,0.0,99,0.0,16,0.012987012987012988
1110840004761305089,3,46,3,46,7.666666666666667,0,2.3043478260869565,3.282608695652174,0.5652173913043478,1.3333333333333333,0.0,46,0.0,5,0.7019867549668874
1110711743401988096,11,76,11,76,1.0,0,1.3421052631578947,1.236842105263158,0.32894736842105265,0.45454545454545453,0.0,76,0.0,13,1.0851063829787233
1110657093206446083,21,133,21,133,1.0476190476190477,0,0.7744360902255639,1.1804511278195489,0.15789473684210525,0.19047619047619047,0.0,133,0.0,22,0.6560509554140127
1110590553232678913,8,63,8,63,0.25,1,1.380952380952381,0.36507936507936506,0.36507936507936506,0.5,0.0,63,0.0,9,3.782608695652174
1110225563220918274,1,24,1,24,16.0,0,3.9583333333333335,4.416666666666667,1.0416666666666667,4.0,0.0,24,0.0,3,0.8962264150943396
1110044409146425344,8,60,8,60,2.5,0,1.2666666666666666,2.0,0.45,0.5,0.0,60,0.0,9,0.6333333333333333
1110213840703246337,16,116,16,116,1.5625,0,0.7327586206896551,1.3189655172413792,0.16379310344827586,0.25,0.0,116,0.0,16,0.5555555555555556
1111339495150899200,2,48,2,48,3.5,0,0.08333333333333333,0.6666666666666666,1.0416666666666667,3.5,0.0,48,0.0,6,0.125
1111083496179712000,12,97,12,97,2.25,0,0.1134020618556701,1.6185567010309279,-1.0,-1.0,0.0,97,0.0,14,0.07006369426751592
D2mEn3QXcAAojEJ,9,94,9,94,2.111111111111111,0,0.7340425531914894,1.3297872340425532,0.6808510638297872,1.1111111111111112,0.0,94,0.0,11,0.552
D2rTmccW0AE7mjz,14,132,14,132,6.071428571428571,0,-1.0,3.621212121212121,0.5757575757575758,0.7857142857142857,0.0,132,0.0,18,-1.0
D2m7unnW0AAURW1,17,128,17,128,1.411764705882353,0,0.03125,1.234375,0.25,0.058823529411764705,0.0,128,0.0,20,0.02531645569620253
1111046006362247174,18,120,18,120,1.5,0,0.09166666666666666,1.3083333333333333,-1.0,-1.0,0.0,120,0.0,20,0.07006369426751592
D2sZa6nXcAErUKd,8,92,8,92,2.625,0,0.31521739130434784,1.3695652173913044,0.4782608695652174,0.75,0.0,92,0.0,8,0.23015873015873015
D2hdcwsWwAArDoO,12,105,12,105,1.0833333333333333,0,0.2,0.5142857142857142,0.7238095238095238,1.1666666666666667,0.0,105,0.0,16,0.3888888888888889
1111684697078329344,3,37,3,37,8.0,0,1.2162162162162162,3.891891891891892,1.054054054054054,1.6666666666666667,0.0,37,0.0,5,0.3125
D2_EjGMWsAA9sWQ,16,128,16,128,0.875,0,0.1328125,0.6953125,0.359375,0.4375,0.0,128,0.0,20,0.19101123595505617
1111263937142509571,7,63,7,63,3.5714285714285716,1,0.6825396825396826,2.4285714285714284,1.2063492063492063,1.7142857142857142,0.0,63,0.0,9,0.28104575163398693
D2ttlBDXcAAY-4C,16,138,16,138,-1.0,0,0.007246376811594203,-1.0,0.37681159420289856,0.5625,0.07971014492753623,127,0.07971014492753623,19,-1.0
1110965343831425024,9,85,9,85,3.0,0,0.12941176470588237,1.8470588235294119,-1.0,-1.0,0.0,85,0.0,10,0.07006369426751592
D2u_1o9XgAAj_2e,10,100,10,100,-1.0,0,0.01,-1.0,0.52,0.9,0.0,100,0.0,12,-1.0
1111032666760069121,12,83,12,83,0.3333333333333333,0,0.14457831325301204,0.27710843373493976,0.8192771084337349,1.0833333333333333,0.0,83,0.0,12,0.5217391304347826
D2qcHJEWsAAy4bW,11,115,11,115,2.272727272727273,0,0.6086956521739131,1.3391304347826087,0.5739130434782609,0.8181818181818182,0.0,115,0.0,13,0.45454545454545453
1110659047718555649,18,112,18,112,1.4444444444444444,0,0.17857142857142858,1.4017857142857142,0.5267857142857143,0.5,0.0,112,0.0,19,0.12738853503184713
D2sgspqX4Ak3OM0,11,103,11,103,1.4545454545454546,0,0.1553398058252427,0.9029126213592233,0.3883495145631068,0.6363636363636364,0.0,103,0.0,13,0.17204301075268819
D2mZRjVX4AEU2HP,15,121,15,121,1.4666666666666666,0,0.1487603305785124,1.0165289256198347,0.6033057851239669,0.8666666666666667,0.0,121,0.0,17,0.14634146341463414
D2kH84lWkAALOdf,10,101,10,101,-1.0,0,0.009900990099009901,-1.0,0.5148514851485149,0.9,0.0,101,0.0,16,-1.0
1112453958063280133,9,71,9,71,3.0,0,0.15492957746478872,2.211267605633803,-1.0,-1.0,0.0,71,0.0,11,0.07006369426751592
D2fa7YcXQAEp0Q6,12,102,12,102,1.3333333333333333,0,0.17647058823529413,0.9019607843137255,0.4803921568627451,0.75,0.0,102,0.0,15,0.1956521739130435
D2U_M0-WwAALt9a,15,132,15,132,1.6,0,0.2196969696969697,1.0833333333333333,0.6212121212121212,0.8666666666666667,0.0,132,0.0,18,0.20279720279720279
1111069401888051200,9,85,9,85,3.0,0,0.12941176470588237,1.8470588235294119,-1.0,-1.0,0.0,85,0.0,10,0.07006369426751592
1112252053693366273,16,103,16,103,1.6875,0,0.10679611650485436,1.5242718446601942,-1.0,-1.0,0.0,103,0.0,18,0.07006369426751592
1110916789616238592,18,127,18,127,1.2222222222222223,0,0.07874015748031496,1.1811023622047243,0.6220472440944882,0.7222222222222222,0.0,127,0.0,19,0.06666666666666667
1112002059107098624,12,100,12,100,2.25,0,0.11,1.57,-1.0,-1.0,0.0,100,0.0,14,0.07006369426751592
1110881571618373633,12,94,12,94,2.25,0,0.11702127659574468,1.6702127659574468,-1.0,-1.0,0.0,94,0.0,13,0.07006369426751592
